productId,slug,sku,name,sourceField,url,hostname,objectPath,extension,isTempPath,isMalformed,isDuplicate,httpStatus,contentType,contentLength,durationMs,width,height,cacheControl,isBroken,isSlow,isSevereSlow,isOversized,isSevereOversized,hasExcessiveDimensions,error
74a63bce-945e-4e08-8f76-d75c83fdd5dc,novelty-gift-clock,KB-IM-1202,Novelty Gift Clock,image,https://images.unsplash.com/photo-1513885535751-8b9238bd345a?auto=format&fit=crop&w=1000&q=80,images.unsplash.com,/photo-1513885535751-8b9238bd345a,,false,false,true,200,image/jpeg,111749,61,1000,667,"public, max-age=31536000",false,false,false,false,false,false,
74a63bce-945e-4e08-8f76-d75c83fdd5dc,novelty-gift-clock,KB-IM-1202,Novelty Gift Clock,imageUrl,https://images.unsplash.com/photo-1513885535751-8b9238bd345a?auto=format&fit=crop&w=1000&q=80,images.unsplash.com,/photo-1513885535751-8b9238bd345a,,false,false,true,200,image/jpeg,111749,61,1000,667,"public, max-age=31536000",false,false,false,false,false,false,
74a63bce-945e-4e08-8f76-d75c83fdd5dc,novelty-gift-clock,KB-IM-1202,Novelty Gift Clock,product_images[0].image_url,https://images.unsplash.com/photo-1513885535751-8b9238bd345a?auto=format&fit=crop&w=1000&q=80,images.unsplash.com,/photo-1513885535751-8b9238bd345a,,false,false,true,200,image/jpeg,111749,61,1000,667,"public, max-age=31536000",false,false,false,false,false,false,
5db15c0b-080f-4bc9-8df1-62106b1288f8,ceramic-dinner-bowl-set,KB-CR-1102,Ceramic Dinner Bowl Set,image,https://images.unsplash.com/photo-1516594798947-e65505dbb29d?auto=format&fit=crop&w=1000&q=80,images.unsplash.com,/photo-1516594798947-e65505dbb29d,,false,false,true,200,image/jpeg,136589,13,1000,667,"public, max-age=31536000",false,false,false,false,false,false,
5db15c0b-080f-4bc9-8df1-62106b1288f8,ceramic-dinner-bowl-set,KB-CR-1102,Ceramic Dinner Bowl Set,imageUrl,https://images.unsplash.com/photo-1516594798947-e65505dbb29d?auto=format&fit=crop&w=1000&q=80,images.unsplash.com,/photo-1516594798947-e65505dbb29d,,false,false,true,200,image/jpeg,136589,13,1000,667,"public, max-age=31536000",false,false,false,false,false,false,
5db15c0b-080f-4bc9-8df1-62106b1288f8,ceramic-dinner-bowl-set,KB-CR-1102,Ceramic Dinner Bowl Set,product_images[0].image_url,https://images.unsplash.com/photo-1516594798947-e65505dbb29d?auto=format&fit=crop&w=1000&q=80,images.unsplash.com,/photo-1516594798947-e65505dbb29d,,false,false,true,200,image/jpeg,136589,13,1000,667,"public, max-age=31536000",false,false,false,false,false,false,
3a3e7de8-4a66-4e48-9bd1-472a10ce513f,luxury-keepsake-gift-hamper,KB-GI-0805,Luxury Keepsake Gift Hamper,image,https://images.unsplash.com/photo-1512909006721-3d6018887383?auto=format&fit=crop&w=1000&q=80,images.unsplash.com,/photo-1512909006721-3d6018887383,,false,false,true,200,image/jpeg,62883,19,1000,667,"public, max-age=31536000",false,false,false,false,false,false,
3a3e7de8-4a66-4e48-9bd1-472a10ce513f,luxury-keepsake-gift-hamper,KB-GI-0805,Luxury Keepsake Gift Hamper,imageUrl,https://images.unsplash.com/photo-1512909006721-3d6018887383?auto=format&fit=crop&w=1000&q=80,images.unsplash.com,/photo-1512909006721-3d6018887383,,false,false,true,200,image/jpeg,62883,19,1000,667,"public, max-age=31536000",false,false,false,false,false,false,
3a3e7de8-4a66-4e48-9bd1-472a10ce513f,luxury-keepsake-gift-hamper,KB-GI-0805,Luxury Keepsake Gift Hamper,product_images[0].image_url,https://images.unsplash.com/photo-1512909006721-3d6018887383?auto=format&fit=crop&w=1000&q=80,images.unsplash.com,/photo-1512909006721-3d6018887383,,false,false,true,200,image/jpeg,62883,19,1000,667,"public, max-age=31536000",false,false,false,false,false,false,
7193bfad-1a37-40be-904f-799f2b328076,personal-care-gift-set,KB-GI-0804,Personal Care Gift Set,image,https://images.unsplash.com/photo-1512909006721-3d6018887383?auto=format&fit=crop&w=1000&q=80,images.unsplash.com,/photo-1512909006721-3d6018887383,,false,false,true,200,image/jpeg,62883,19,1000,667,"public, max-age=31536000",false,false,false,false,false,false,
7193bfad-1a37-40be-904f-799f2b328076,personal-care-gift-set,KB-GI-0804,Personal Care Gift Set,imageUrl,https://images.unsplash.com/photo-1512909006721-3d6018887383?auto=format&fit=crop&w=1000&q=80,images.unsplash.com,/photo-1512909006721-3d6018887383,,false,false,true,200,image/jpeg,62883,19,1000,667,"public, max-age=31536000",false,false,false,false,false,false,
7193bfad-1a37-40be-904f-799f2b328076,personal-care-gift-set,KB-GI-0804,Personal Care Gift Set,product_images[0].image_url,https://images.unsplash.com/photo-1512909006721-3d6018887383?auto=format&fit=crop&w=1000&q=80,images.unsplash.com,/photo-1512909006721-3d6018887383,,false,false,true,200,image/jpeg,62883,19,1000,667,"public, max-age=31536000",false,false,false,false,false,false,
8ec877b1-e003-4e08-b74d-0074daf7686c,chocolate-gift-basket,KB-GI-0803,Chocolate Gift Basket,image,https://images.unsplash.com/photo-1512909006721-3d6018887383?auto=format&fit=crop&w=1000&q=80,images.unsplash.com,/photo-1512909006721-3d6018887383,,false,false,true,200,image/jpeg,62883,19,1000,667,"public, max-age=31536000",false,false,false,false,false,false,
8ec877b1-e003-4e08-b74d-0074daf7686c,chocolate-gift-basket,KB-GI-0803,Chocolate Gift Basket,imageUrl,https://images.unsplash.com/photo-1512909006721-3d6018887383?auto=format&fit=crop&w=1000&q=80,images.unsplash.com,/photo-1512909006721-3d6018887383,,false,false,true,200,image/jpeg,62883,19,1000,667,"public, max-age=31536000",false,false,false,false,false,false,
8ec877b1-e003-4e08-b74d-0074daf7686c,chocolate-gift-basket,KB-GI-0803,Chocolate Gift Basket,product_images[0].image_url,https://images.unsplash.com/photo-1512909006721-3d6018887383?auto=format&fit=crop&w=1000&q=80,images.unsplash.com,/photo-1512909006721-3d6018887383,,false,false,true,200,image/jpeg,62883,19,1000,667,"public, max-age=31536000",false,false,false,false,false,false,
0636a635-da01-4cee-a2b4-3daf35a03cbd,dry-fruit-gift-tray,KB-GI-0802,Dry Fruit Gift Tray,image,https://images.unsplash.com/photo-1512909006721-3d6018887383?auto=format&fit=crop&w=1000&q=80,images.unsplash.com,/photo-1512909006721-3d6018887383,,false,false,true,200,image/jpeg,62883,19,1000,667,"public, max-age=31536000",false,false,false,false,false,false,
0636a635-da01-4cee-a2b4-3daf35a03cbd,dry-fruit-gift-tray,KB-GI-0802,Dry Fruit Gift Tray,imageUrl,https://images.unsplash.com/photo-1512909006721-3d6018887383?auto=format&fit=crop&w=1000&q=80,images.unsplash.com,/photo-1512909006721-3d6018887383,,false,false,true,200,image/jpeg,62883,19,1000,667,"public, max-age=31536000",false,false,false,false,false,false,
0636a635-da01-4cee-a2b4-3daf35a03cbd,dry-fruit-gift-tray,KB-GI-0802,Dry Fruit Gift Tray,product_images[0].image_url,https://images.unsplash.com/photo-1512909006721-3d6018887383?auto=format&fit=crop&w=1000&q=80,images.unsplash.com,/photo-1512909006721-3d6018887383,,false,false,true,200,image/jpeg,62883,19,1000,667,"public, max-age=31536000",false,false,false,false,false,false,
1a913490-b5e9-4f66-b87a-03bb15e076c5,premium-celebration-gift-box,KB-GI-0801,Premium Celebration Gift Box,image,https://images.unsplash.com/photo-1512909006721-3d6018887383?auto=format&fit=crop&w=1000&q=80,images.unsplash.com,/photo-1512909006721-3d6018887383,,false,false,true,200,image/jpeg,62883,19,1000,667,"public, max-age=31536000",false,false,false,false,false,false,
1a913490-b5e9-4f66-b87a-03bb15e076c5,premium-celebration-gift-box,KB-GI-0801,Premium Celebration Gift Box,imageUrl,https://images.unsplash.com/photo-1512909006721-3d6018887383?auto=format&fit=crop&w=1000&q=80,images.unsplash.com,/photo-1512909006721-3d6018887383,,false,false,true,200,image/jpeg,62883,19,1000,667,"public, max-age=31536000",false,false,false,false,false,false,
1a913490-b5e9-4f66-b87a-03bb15e076c5,premium-celebration-gift-box,KB-GI-0801,Premium Celebration Gift Box,product_images[0].image_url,https://images.unsplash.com/photo-1512909006721-3d6018887383?auto=format&fit=crop&w=1000&q=80,images.unsplash.com,/photo-1512909006721-3d6018887383,,false,false,true,200,image/jpeg,62883,19,1000,667,"public, max-age=31536000",false,false,false,false,false,false,
81a21d14-ec81-45b7-b737-97deb47331f8,floral-cup-saucer-set,KB-CR-1101,Floral Cup Saucer Set,image,https://images.unsplash.com/photo-1516594798947-e65505dbb29d?auto=format&fit=crop&w=1000&q=80,images.unsplash.com,/photo-1516594798947-e65505dbb29d,,false,false,true,200,image/jpeg,136589,13,1000,667,"public, max-age=31536000",false,false,false,false,false,false,
81a21d14-ec81-45b7-b737-97deb47331f8,floral-cup-saucer-set,KB-CR-1101,Floral Cup Saucer Set,imageUrl,https://images.unsplash.com/photo-1516594798947-e65505dbb29d?auto=format&fit=crop&w=1000&q=80,images.unsplash.com,/photo-1516594798947-e65505dbb29d,,false,false,true,200,image/jpeg,136589,13,1000,667,"public, max-age=31536000",false,false,false,false,false,false,
81a21d14-ec81-45b7-b737-97deb47331f8,floral-cup-saucer-set,KB-CR-1101,Floral Cup Saucer Set,product_images[0].image_url,https://images.unsplash.com/photo-1516594798947-e65505dbb29d?auto=format&fit=crop&w=1000&q=80,images.unsplash.com,/photo-1516594798947-e65505dbb29d,,false,false,true,200,image/jpeg,136589,13,1000,667,"public, max-age=31536000",false,false,false,false,false,false,
1ba20961-877a-4ea5-8ad6-17bdf2ba8029,traditional-pooja-basket,KB-WE-0705,Traditional Pooja Basket,image,https://images.unsplash.com/photo-1511285560929-80b456fea0bc?auto=format&fit=crop&w=1000&q=80,images.unsplash.com,/photo-1511285560929-80b456fea0bc,,false,false,true,200,image/jpeg,121271,15,1000,668,"public, max-age=31536000",false,false,false,false,false,false,
1ba20961-877a-4ea5-8ad6-17bdf2ba8029,traditional-pooja-basket,KB-WE-0705,Traditional Pooja Basket,imageUrl,https://images.unsplash.com/photo-1511285560929-80b456fea0bc?auto=format&fit=crop&w=1000&q=80,images.unsplash.com,/photo-1511285560929-80b456fea0bc,,false,false,true,200,image/jpeg,121271,15,1000,668,"public, max-age=31536000",false,false,false,false,false,false,
1ba20961-877a-4ea5-8ad6-17bdf2ba8029,traditional-pooja-basket,KB-WE-0705,Traditional Pooja Basket,product_images[0].image_url,https://images.unsplash.com/photo-1511285560929-80b456fea0bc?auto=format&fit=crop&w=1000&q=80,images.unsplash.com,/photo-1511285560929-80b456fea0bc,,false,false,true,200,image/jpeg,121271,15,1000,668,"public, max-age=31536000",false,false,false,false,false,false,
bcaf3c5d-991b-436c-81d8-f3783202791e,bride-hamper-basket,KB-WE-0704,Bride Hamper Basket,image,https://images.unsplash.com/photo-1511285560929-80b456fea0bc?auto=format&fit=crop&w=1000&q=80,images.unsplash.com,/photo-1511285560929-80b456fea0bc,,false,false,true,200,image/jpeg,121271,15,1000,668,"public, max-age=31536000",false,false,false,false,false,false,
bcaf3c5d-991b-436c-81d8-f3783202791e,bride-hamper-basket,KB-WE-0704,Bride Hamper Basket,imageUrl,https://images.unsplash.com/photo-1511285560929-80b456fea0bc?auto=format&fit=crop&w=1000&q=80,images.unsplash.com,/photo-1511285560929-80b456fea0bc,,false,false,true,200,image/jpeg,121271,15,1000,668,"public, max-age=31536000",false,false,false,false,false,false,
bcaf3c5d-991b-436c-81d8-f3783202791e,bride-hamper-basket,KB-WE-0704,Bride Hamper Basket,product_images[0].image_url,https://images.unsplash.com/photo-1511285560929-80b456fea0bc?auto=format&fit=crop&w=1000&q=80,images.unsplash.com,/photo-1511285560929-80b456fea0bc,,false,false,true,200,image/jpeg,121271,15,1000,668,"public, max-age=31536000",false,false,false,false,false,false,
a7b1940b-5f37-446f-851d-4c7778a11796,gold-trim-gift-basket,KB-WE-0703,Gold Trim Gift Basket,image,https://images.unsplash.com/photo-1511285560929-80b456fea0bc?auto=format&fit=crop&w=1000&q=80,images.unsplash.com,/photo-1511285560929-80b456fea0bc,,false,false,true,200,image/jpeg,121271,15,1000,668,"public, max-age=31536000",false,false,false,false,false,false,
a7b1940b-5f37-446f-851d-4c7778a11796,gold-trim-gift-basket,KB-WE-0703,Gold Trim Gift Basket,imageUrl,https://images.unsplash.com/photo-1511285560929-80b456fea0bc?auto=format&fit=crop&w=1000&q=80,images.unsplash.com,/photo-1511285560929-80b456fea0bc,,false,false,true,200,image/jpeg,121271,15,1000,668,"public, max-age=31536000",false,false,false,false,false,false,
a7b1940b-5f37-446f-851d-4c7778a11796,gold-trim-gift-basket,KB-WE-0703,Gold Trim Gift Basket,product_images[0].image_url,https://images.unsplash.com/photo-1511285560929-80b456fea0bc?auto=format&fit=crop&w=1000&q=80,images.unsplash.com,/photo-1511285560929-80b456fea0bc,,false,false,true,200,image/jpeg,121271,15,1000,668,"public, max-age=31536000",false,false,false,false,false,false,
f2e9ea23-b350-4047-a58e-79a83541a2b2,floral-ceremony-basket,KB-WE-0702,Floral Ceremony Basket,image,https://images.unsplash.com/photo-1511285560929-80b456fea0bc?auto=format&fit=crop&w=1000&q=80,images.unsplash.com,/photo-1511285560929-80b456fea0bc,,false,false,true,200,image/jpeg,121271,15,1000,668,"public, max-age=31536000",false,false,false,false,false,false,
f2e9ea23-b350-4047-a58e-79a83541a2b2,floral-ceremony-basket,KB-WE-0702,Floral Ceremony Basket,imageUrl,https://images.unsplash.com/photo-1511285560929-80b456fea0bc?auto=format&fit=crop&w=1000&q=80,images.unsplash.com,/photo-1511285560929-80b456fea0bc,,false,false,true,200,image/jpeg,121271,15,1000,668,"public, max-age=31536000",false,false,false,false,false,false,
f2e9ea23-b350-4047-a58e-79a83541a2b2,floral-ceremony-basket,KB-WE-0702,Floral Ceremony Basket,product_images[0].image_url,https://images.unsplash.com/photo-1511285560929-80b456fea0bc?auto=format&fit=crop&w=1000&q=80,images.unsplash.com,/photo-1511285560929-80b456fea0bc,,false,false,true,200,image/jpeg,121271,15,1000,668,"public, max-age=31536000",false,false,false,false,false,false,
803ae2d1-7433-4f6e-8f79-16f74ab095fb,velvet-wedding-basket,KB-WE-0701,Velvet Wedding Basket,image,https://images.unsplash.com/photo-1511285560929-80b456fea0bc?auto=format&fit=crop&w=1000&q=80,images.unsplash.com,/photo-1511285560929-80b456fea0bc,,false,false,true,200,image/jpeg,121271,15,1000,668,"public, max-age=31536000",false,false,false,false,false,false,
803ae2d1-7433-4f6e-8f79-16f74ab095fb,velvet-wedding-basket,KB-WE-0701,Velvet Wedding Basket,imageUrl,https://images.unsplash.com/photo-1511285560929-80b456fea0bc?auto=format&fit=crop&w=1000&q=80,images.unsplash.com,/photo-1511285560929-80b456fea0bc,,false,false,true,200,image/jpeg,121271,15,1000,668,"public, max-age=31536000",false,false,false,false,false,false,
803ae2d1-7433-4f6e-8f79-16f74ab095fb,velvet-wedding-basket,KB-WE-0701,Velvet Wedding Basket,product_images[0].image_url,https://images.unsplash.com/photo-1511285560929-80b456fea0bc?auto=format&fit=crop&w=1000&q=80,images.unsplash.com,/photo-1511285560929-80b456fea0bc,,false,false,true,200,image/jpeg,121271,15,1000,668,"public, max-age=31536000",false,false,false,false,false,false,
6f7455af-a3d9-4208-9cbb-84aad0c77314,mini-jewellery-organizer,KB-FA-0605,Mini Jewellery Organizer,image,https://images.unsplash.com/photo-1522338242992-e1a54906a8da?auto=format&fit=crop&w=1000&q=80,images.unsplash.com,/photo-1522338242992-e1a54906a8da,,false,false,true,200,image/jpeg,181926,13,1000,1498,"public, max-age=31536000",false,false,false,false,false,false,
6f7455af-a3d9-4208-9cbb-84aad0c77314,mini-jewellery-organizer,KB-FA-0605,Mini Jewellery Organizer,imageUrl,https://images.unsplash.com/photo-1522338242992-e1a54906a8da?auto=format&fit=crop&w=1000&q=80,images.unsplash.com,/photo-1522338242992-e1a54906a8da,,false,false,true,200,image/jpeg,181926,13,1000,1498,"public, max-age=31536000",false,false,false,false,false,false,
6f7455af-a3d9-4208-9cbb-84aad0c77314,mini-jewellery-organizer,KB-FA-0605,Mini Jewellery Organizer,product_images[0].image_url,https://images.unsplash.com/photo-1522338242992-e1a54906a8da?auto=format&fit=crop&w=1000&q=80,images.unsplash.com,/photo-1522338242992-e1a54906a8da,,false,false,true,200,image/jpeg,181926,13,1000,1498,"public, max-age=31536000",false,false,false,false,false,false,
995102b1-3850-46cf-8458-f975583c464f,scented-candle-jar,KB-FA-0604,Scented Candle Jar,image,https://images.unsplash.com/photo-1522338242992-e1a54906a8da?auto=format&fit=crop&w=1000&q=80,images.unsplash.com,/photo-1522338242992-e1a54906a8da,,false,false,true,200,image/jpeg,181926,13,1000,1498,"public, max-age=31536000",false,false,false,false,false,false,
995102b1-3850-46cf-8458-f975583c464f,scented-candle-jar,KB-FA-0604,Scented Candle Jar,imageUrl,https://images.unsplash.com/photo-1522338242992-e1a54906a8da?auto=format&fit=crop&w=1000&q=80,images.unsplash.com,/photo-1522338242992-e1a54906a8da,,false,false,true,200,image/jpeg,181926,13,1000,1498,"public, max-age=31536000",false,false,false,false,false,false,
995102b1-3850-46cf-8458-f975583c464f,scented-candle-jar,KB-FA-0604,Scented Candle Jar,product_images[0].image_url,https://images.unsplash.com/photo-1522338242992-e1a54906a8da?auto=format&fit=crop&w=1000&q=80,images.unsplash.com,/photo-1522338242992-e1a54906a8da,,false,false,true,200,image/jpeg,181926,13,1000,1498,"public, max-age=31536000",false,false,false,false,false,false,
d2cbfee0-900b-42f0-a298-0823a25bbaa5,elegant-keychain-gift-set,KB-FA-0603,Elegant Keychain Gift Set,image,https://images.unsplash.com/photo-1522338242992-e1a54906a8da?auto=format&fit=crop&w=1000&q=80,images.unsplash.com,/photo-1522338242992-e1a54906a8da,,false,false,true,200,image/jpeg,181926,13,1000,1498,"public, max-age=31536000",false,false,false,false,false,false,
d2cbfee0-900b-42f0-a298-0823a25bbaa5,elegant-keychain-gift-set,KB-FA-0603,Elegant Keychain Gift Set,imageUrl,https://images.unsplash.com/photo-1522338242992-e1a54906a8da?auto=format&fit=crop&w=1000&q=80,images.unsplash.com,/photo-1522338242992-e1a54906a8da,,false,false,true,200,image/jpeg,181926,13,1000,1498,"public, max-age=31536000",false,false,false,false,false,false,
d2cbfee0-900b-42f0-a298-0823a25bbaa5,elegant-keychain-gift-set,KB-FA-0603,Elegant Keychain Gift Set,product_images[0].image_url,https://images.unsplash.com/photo-1522338242992-e1a54906a8da?auto=format&fit=crop&w=1000&q=80,images.unsplash.com,/photo-1522338242992-e1a54906a8da,,false,false,true,200,image/jpeg,181926,13,1000,1498,"public, max-age=31536000",false,false,false,false,false,false,
67f9bdec-34ed-4331-8129-316ee7a4c4b9,premium-vanity-mirror,KB-FA-0602,Premium Vanity Mirror,image,https://images.unsplash.com/photo-1522338242992-e1a54906a8da?auto=format&fit=crop&w=1000&q=80,images.unsplash.com,/photo-1522338242992-e1a54906a8da,,false,false,true,200,image/jpeg,181926,13,1000,1498,"public, max-age=31536000",false,false,false,false,false,false,
67f9bdec-34ed-4331-8129-316ee7a4c4b9,premium-vanity-mirror,KB-FA-0602,Premium Vanity Mirror,imageUrl,https://images.unsplash.com/photo-1522338242992-e1a54906a8da?auto=format&fit=crop&w=1000&q=80,images.unsplash.com,/photo-1522338242992-e1a54906a8da,,false,false,true,200,image/jpeg,181926,13,1000,1498,"public, max-age=31536000",false,false,false,false,false,false,
67f9bdec-34ed-4331-8129-316ee7a4c4b9,premium-vanity-mirror,KB-FA-0602,Premium Vanity Mirror,product_images[0].image_url,https://images.unsplash.com/photo-1522338242992-e1a54906a8da?auto=format&fit=crop&w=1000&q=80,images.unsplash.com,/photo-1522338242992-e1a54906a8da,,false,false,true,200,image/jpeg,181926,13,1000,1498,"public, max-age=31536000",false,false,false,false,false,false,
22f4cfdb-1593-4fa6-b33a-d1f47436af14,decorative-crystal-showpiece,KB-FA-0601,Decorative Crystal Showpiece,image,https://images.unsplash.com/photo-1522338242992-e1a54906a8da?auto=format&fit=crop&w=1000&q=80,images.unsplash.com,/photo-1522338242992-e1a54906a8da,,false,false,true,200,image/jpeg,181926,13,1000,1498,"public, max-age=31536000",false,false,false,false,false,false,
22f4cfdb-1593-4fa6-b33a-d1f47436af14,decorative-crystal-showpiece,KB-FA-0601,Decorative Crystal Showpiece,imageUrl,https://images.unsplash.com/photo-1522338242992-e1a54906a8da?auto=format&fit=crop&w=1000&q=80,images.unsplash.com,/photo-1522338242992-e1a54906a8da,,false,false,true,200,image/jpeg,181926,13,1000,1498,"public, max-age=31536000",false,false,false,false,false,false,
22f4cfdb-1593-4fa6-b33a-d1f47436af14,decorative-crystal-showpiece,KB-FA-0601,Decorative Crystal Showpiece,product_images[0].image_url,https://images.unsplash.com/photo-1522338242992-e1a54906a8da?auto=format&fit=crop&w=1000&q=80,images.unsplash.com,/photo-1522338242992-e1a54906a8da,,false,false,true,200,image/jpeg,181926,13,1000,1498,"public, max-age=31536000",false,false,false,false,false,false,
28f3a47e-eaac-4653-b1e4-882c4966b3d7,pearl-embellished-potli,KB-HA-0405,Pearl Embellished Potli,image,https://images.unsplash.com/photo-1584917865442-de89df76afd3?auto=format&fit=crop&w=1000&q=80,images.unsplash.com,/photo-1584917865442-de89df76afd3,,false,false,true,200,image/jpeg,149845,12,1000,1333,"public, max-age=31536000",false,false,false,false,false,false,
28f3a47e-eaac-4653-b1e4-882c4966b3d7,pearl-embellished-potli,KB-HA-0405,Pearl Embellished Potli,imageUrl,https://images.unsplash.com/photo-1584917865442-de89df76afd3?auto=format&fit=crop&w=1000&q=80,images.unsplash.com,/photo-1584917865442-de89df76afd3,,false,false,true,200,image/jpeg,149845,12,1000,1333,"public, max-age=31536000",false,false,false,false,false,false,
28f3a47e-eaac-4653-b1e4-882c4966b3d7,pearl-embellished-potli,KB-HA-0405,Pearl Embellished Potli,product_images[0].image_url,https://images.unsplash.com/photo-1584917865442-de89df76afd3?auto=format&fit=crop&w=1000&q=80,images.unsplash.com,/photo-1584917865442-de89df76afd3,,false,false,true,200,image/jpeg,149845,12,1000,1333,"public, max-age=31536000",false,false,false,false,false,false,
74c6db39-29dd-460e-8be9-1e8b49d76c19,tan-everyday-tote,KB-HA-0404,Tan Everyday Tote,image,https://images.unsplash.com/photo-1584917865442-de89df76afd3?auto=format&fit=crop&w=1000&q=80,images.unsplash.com,/photo-1584917865442-de89df76afd3,,false,false,true,200,image/jpeg,149845,12,1000,1333,"public, max-age=31536000",false,false,false,false,false,false,
74c6db39-29dd-460e-8be9-1e8b49d76c19,tan-everyday-tote,KB-HA-0404,Tan Everyday Tote,imageUrl,https://images.unsplash.com/photo-1584917865442-de89df76afd3?auto=format&fit=crop&w=1000&q=80,images.unsplash.com,/photo-1584917865442-de89df76afd3,,false,false,true,200,image/jpeg,149845,12,1000,1333,"public, max-age=31536000",false,false,false,false,false,false,
74c6db39-29dd-460e-8be9-1e8b49d76c19,tan-everyday-tote,KB-HA-0404,Tan Everyday Tote,product_images[0].image_url,https://images.unsplash.com/photo-1584917865442-de89df76afd3?auto=format&fit=crop&w=1000&q=80,images.unsplash.com,/photo-1584917865442-de89df76afd3,,false,false,true,200,image/jpeg,149845,12,1000,1333,"public, max-age=31536000",false,false,false,false,false,false,
1b1e3cf8-ee45-4aec-b193-ba653d2de299,gold-chain-evening-clutch,KB-HA-0403,Gold Chain Evening Clutch,image,https://images.unsplash.com/photo-1584917865442-de89df76afd3?auto=format&fit=crop&w=1000&q=80,images.unsplash.com,/photo-1584917865442-de89df76afd3,,false,false,true,200,image/jpeg,149845,12,1000,1333,"public, max-age=31536000",false,false,false,false,false,false,
1b1e3cf8-ee45-4aec-b193-ba653d2de299,gold-chain-evening-clutch,KB-HA-0403,Gold Chain Evening Clutch,imageUrl,https://images.unsplash.com/photo-1584917865442-de89df76afd3?auto=format&fit=crop&w=1000&q=80,images.unsplash.com,/photo-1584917865442-de89df76afd3,,false,false,true,200,image/jpeg,149845,12,1000,1333,"public, max-age=31536000",false,false,false,false,false,false,
1b1e3cf8-ee45-4aec-b193-ba653d2de299,gold-chain-evening-clutch,KB-HA-0403,Gold Chain Evening Clutch,product_images[0].image_url,https://images.unsplash.com/photo-1584917865442-de89df76afd3?auto=format&fit=crop&w=1000&q=80,images.unsplash.com,/photo-1584917865442-de89df76afd3,,false,false,true,200,image/jpeg,149845,12,1000,1333,"public, max-age=31536000",false,false,false,false,false,false,
0f39b730-8b26-43d7-9207-c7d3991b188d,classic-black-handbag,KB-HA-0402,Classic Black Handbag,image,https://images.unsplash.com/photo-1584917865442-de89df76afd3?auto=format&fit=crop&w=1000&q=80,images.unsplash.com,/photo-1584917865442-de89df76afd3,,false,false,true,200,image/jpeg,149845,12,1000,1333,"public, max-age=31536000",false,false,false,false,false,false,
0f39b730-8b26-43d7-9207-c7d3991b188d,classic-black-handbag,KB-HA-0402,Classic Black Handbag,imageUrl,https://images.unsplash.com/photo-1584917865442-de89df76afd3?auto=format&fit=crop&w=1000&q=80,images.unsplash.com,/photo-1584917865442-de89df76afd3,,false,false,true,200,image/jpeg,149845,12,1000,1333,"public, max-age=31536000",false,false,false,false,false,false,
0f39b730-8b26-43d7-9207-c7d3991b188d,classic-black-handbag,KB-HA-0402,Classic Black Handbag,product_images[0].image_url,https://images.unsplash.com/photo-1584917865442-de89df76afd3?auto=format&fit=crop&w=1000&q=80,images.unsplash.com,/photo-1584917865442-de89df76afd3,,false,false,true,200,image/jpeg,149845,12,1000,1333,"public, max-age=31536000",false,false,false,false,false,false,
b69cbb38-35ed-4b23-916f-d3b4a25d85e2,blush-quilted-sling-bag,KB-HA-0401,Blush Quilted Sling Bag,image,https://images.unsplash.com/photo-1584917865442-de89df76afd3?auto=format&fit=crop&w=1000&q=80,images.unsplash.com,/photo-1584917865442-de89df76afd3,,false,false,true,200,image/jpeg,149845,12,1000,1333,"public, max-age=31536000",false,false,false,false,false,false,
b69cbb38-35ed-4b23-916f-d3b4a25d85e2,blush-quilted-sling-bag,KB-HA-0401,Blush Quilted Sling Bag,imageUrl,https://images.unsplash.com/photo-1584917865442-de89df76afd3?auto=format&fit=crop&w=1000&q=80,images.unsplash.com,/photo-1584917865442-de89df76afd3,,false,false,true,200,image/jpeg,149845,12,1000,1333,"public, max-age=31536000",false,false,false,false,false,false,
b69cbb38-35ed-4b23-916f-d3b4a25d85e2,blush-quilted-sling-bag,KB-HA-0401,Blush Quilted Sling Bag,product_images[0].image_url,https://images.unsplash.com/photo-1584917865442-de89df76afd3?auto=format&fit=crop&w=1000&q=80,images.unsplash.com,/photo-1584917865442-de89df76afd3,,false,false,true,200,image/jpeg,149845,12,1000,1333,"public, max-age=31536000",false,false,false,false,false,false,
c6793589-7f06-4891-9a7f-c6f1ae9ca41a,traditional-red-chooda-set,KB-BA-0305,Traditional Red Chooda Set,image,https://images.unsplash.com/photo-1611591437281-460bfbe1220a?auto=format&fit=crop&w=1000&q=80,images.unsplash.com,/photo-1611591437281-460bfbe1220a,,false,false,true,200,image/jpeg,59797,10,1000,667,"public, max-age=31536000",false,false,false,false,false,false,
c6793589-7f06-4891-9a7f-c6f1ae9ca41a,traditional-red-chooda-set,KB-BA-0305,Traditional Red Chooda Set,imageUrl,https://images.unsplash.com/photo-1611591437281-460bfbe1220a?auto=format&fit=crop&w=1000&q=80,images.unsplash.com,/photo-1611591437281-460bfbe1220a,,false,false,true,200,image/jpeg,59797,10,1000,667,"public, max-age=31536000",false,false,false,false,false,false,
c6793589-7f06-4891-9a7f-c6f1ae9ca41a,traditional-red-chooda-set,KB-BA-0305,Traditional Red Chooda Set,product_images[0].image_url,https://images.unsplash.com/photo-1611591437281-460bfbe1220a?auto=format&fit=crop&w=1000&q=80,images.unsplash.com,/photo-1611591437281-460bfbe1220a,,false,false,true,200,image/jpeg,59797,10,1000,667,"public, max-age=31536000",false,false,false,false,false,false,
5a91bc21-2938-4e02-ad43-2d0badd33392,pearl-accent-bangles,KB-BA-0304,Pearl Accent Bangles,image,https://images.unsplash.com/photo-1611591437281-460bfbe1220a?auto=format&fit=crop&w=1000&q=80,images.unsplash.com,/photo-1611591437281-460bfbe1220a,,false,false,true,200,image/jpeg,59797,10,1000,667,"public, max-age=31536000",false,false,false,false,false,false,
5a91bc21-2938-4e02-ad43-2d0badd33392,pearl-accent-bangles,KB-BA-0304,Pearl Accent Bangles,imageUrl,https://images.unsplash.com/photo-1611591437281-460bfbe1220a?auto=format&fit=crop&w=1000&q=80,images.unsplash.com,/photo-1611591437281-460bfbe1220a,,false,false,true,200,image/jpeg,59797,10,1000,667,"public, max-age=31536000",false,false,false,false,false,false,
5a91bc21-2938-4e02-ad43-2d0badd33392,pearl-accent-bangles,KB-BA-0304,Pearl Accent Bangles,product_images[0].image_url,https://images.unsplash.com/photo-1611591437281-460bfbe1220a?auto=format&fit=crop&w=1000&q=80,images.unsplash.com,/photo-1611591437281-460bfbe1220a,,false,false,true,200,image/jpeg,59797,10,1000,667,"public, max-age=31536000",false,false,false,false,false,false,
90b82638-5c39-4753-a144-3956e4ac9a84,daily-wear-bangle-pair,KB-BA-0303,Daily Wear Bangle Pair,image,https://images.unsplash.com/photo-1611591437281-460bfbe1220a?auto=format&fit=crop&w=1000&q=80,images.unsplash.com,/photo-1611591437281-460bfbe1220a,,false,false,true,200,image/jpeg,59797,10,1000,667,"public, max-age=31536000",false,false,false,false,false,false,
90b82638-5c39-4753-a144-3956e4ac9a84,daily-wear-bangle-pair,KB-BA-0303,Daily Wear Bangle Pair,imageUrl,https://images.unsplash.com/photo-1611591437281-460bfbe1220a?auto=format&fit=crop&w=1000&q=80,images.unsplash.com,/photo-1611591437281-460bfbe1220a,,false,false,true,200,image/jpeg,59797,10,1000,667,"public, max-age=31536000",false,false,false,false,false,false,
90b82638-5c39-4753-a144-3956e4ac9a84,daily-wear-bangle-pair,KB-BA-0303,Daily Wear Bangle Pair,product_images[0].image_url,https://images.unsplash.com/photo-1611591437281-460bfbe1220a?auto=format&fit=crop&w=1000&q=80,images.unsplash.com,/photo-1611591437281-460bfbe1220a,,false,false,true,200,image/jpeg,59797,10,1000,667,"public, max-age=31536000",false,false,false,false,false,false,
f5ce9ff0-22bf-4869-8adf-542f31e92946,silver-charm-rakhi,KB-RA-0104,Silver Charm Rakhi,image,https://images.unsplash.com/photo-1601121141461-9d6647bca1ed?auto=format&fit=crop&w=1000&q=80,images.unsplash.com,/photo-1601121141461-9d6647bca1ed,,false,false,true,200,image/jpeg,106002,26,1000,693,"public, max-age=31536000",false,false,false,false,false,false,
f5ce9ff0-22bf-4869-8adf-542f31e92946,silver-charm-rakhi,KB-RA-0104,Silver Charm Rakhi,imageUrl,https://images.unsplash.com/photo-1601121141461-9d6647bca1ed?auto=format&fit=crop&w=1000&q=80,images.unsplash.com,/photo-1601121141461-9d6647bca1ed,,false,false,true,200,image/jpeg,106002,26,1000,693,"public, max-age=31536000",false,false,false,false,false,false,
f5ce9ff0-22bf-4869-8adf-542f31e92946,silver-charm-rakhi,KB-RA-0104,Silver Charm Rakhi,product_images[0].image_url,https://images.unsplash.com/photo-1601121141461-9d6647bca1ed?auto=format&fit=crop&w=1000&q=80,images.unsplash.com,/photo-1601121141461-9d6647bca1ed,,false,false,true,200,image/jpeg,106002,26,1000,693,"public, max-age=31536000",false,false,false,false,false,false,
1e7af587-727a-422e-b26d-9f1055d9eda9,golden-wedding-basket,KB-WB-GL-112,Golden Wedding Basket,image,https://images.unsplash.com/photo-1511285560929-80b456fea0bc?auto=format&fit=crop&w=1000&q=80,images.unsplash.com,/photo-1511285560929-80b456fea0bc,,false,false,true,200,image/jpeg,121271,15,1000,668,"public, max-age=31536000",false,false,false,false,false,false,
1e7af587-727a-422e-b26d-9f1055d9eda9,golden-wedding-basket,KB-WB-GL-112,Golden Wedding Basket,imageUrl,https://images.unsplash.com/photo-1511285560929-80b456fea0bc?auto=format&fit=crop&w=1000&q=80,images.unsplash.com,/photo-1511285560929-80b456fea0bc,,false,false,true,200,image/jpeg,121271,15,1000,668,"public, max-age=31536000",false,false,false,false,false,false,
1e7af587-727a-422e-b26d-9f1055d9eda9,golden-wedding-basket,KB-WB-GL-112,Golden Wedding Basket,product_images[0].image_url,https://images.unsplash.com/photo-1511285560929-80b456fea0bc?auto=format&fit=crop&w=1000&q=80,images.unsplash.com,/photo-1511285560929-80b456fea0bc,,false,false,true,200,image/jpeg,121271,15,1000,668,"public, max-age=31536000",false,false,false,false,false,false,
901734b0-f934-4316-bf7a-148646255c91,crystal-fancy-keepsake,KB-FN-CR-113,Crystal Fancy Keepsake,image,https://images.unsplash.com/photo-1522338242992-e1a54906a8da?auto=format&fit=crop&w=1000&q=80,images.unsplash.com,/photo-1522338242992-e1a54906a8da,,false,false,true,200,image/jpeg,181926,13,1000,1498,"public, max-age=31536000",false,false,false,false,false,false,
901734b0-f934-4316-bf7a-148646255c91,crystal-fancy-keepsake,KB-FN-CR-113,Crystal Fancy Keepsake,imageUrl,https://images.unsplash.com/photo-1522338242992-e1a54906a8da?auto=format&fit=crop&w=1000&q=80,images.unsplash.com,/photo-1522338242992-e1a54906a8da,,false,false,true,200,image/jpeg,181926,13,1000,1498,"public, max-age=31536000",false,false,false,false,false,false,
901734b0-f934-4316-bf7a-148646255c91,crystal-fancy-keepsake,KB-FN-CR-113,Crystal Fancy Keepsake,product_images[0].image_url,https://images.unsplash.com/photo-1522338242992-e1a54906a8da?auto=format&fit=crop&w=1000&q=80,images.unsplash.com,/photo-1522338242992-e1a54906a8da,,false,false,true,200,image/jpeg,181926,13,1000,1498,"public, max-age=31536000",false,false,false,false,false,false,
99adc967-192a-4b81-b540-e8c9a8f803ff,elegant-crockery-tea-set,KB-CR-TS-116,Elegant Crockery Tea Set,image,https://images.unsplash.com/photo-1516594798947-e65505dbb29d?auto=format&fit=crop&w=1000&q=80,images.unsplash.com,/photo-1516594798947-e65505dbb29d,,false,false,true,200,image/jpeg,136589,13,1000,667,"public, max-age=31536000",false,false,false,false,false,false,
99adc967-192a-4b81-b540-e8c9a8f803ff,elegant-crockery-tea-set,KB-CR-TS-116,Elegant Crockery Tea Set,imageUrl,https://images.unsplash.com/photo-1516594798947-e65505dbb29d?auto=format&fit=crop&w=1000&q=80,images.unsplash.com,/photo-1516594798947-e65505dbb29d,,false,false,true,200,image/jpeg,136589,13,1000,667,"public, max-age=31536000",false,false,false,false,false,false,
99adc967-192a-4b81-b540-e8c9a8f803ff,elegant-crockery-tea-set,KB-CR-TS-116,Elegant Crockery Tea Set,product_images[0].image_url,https://images.unsplash.com/photo-1516594798947-e65505dbb29d?auto=format&fit=crop&w=1000&q=80,images.unsplash.com,/photo-1516594798947-e65505dbb29d,,false,false,true,200,image/jpeg,136589,13,1000,667,"public, max-age=31536000",false,false,false,false,false,false,
62416387-2e01-4ff2-b2d3-8feb766ad9cd,decorative-imported-tray,KB-IM-1205,Decorative Imported Tray,image,https://images.unsplash.com/photo-1513885535751-8b9238bd345a?auto=format&fit=crop&w=1000&q=80,images.unsplash.com,/photo-1513885535751-8b9238bd345a,,false,false,true,200,image/jpeg,111749,61,1000,667,"public, max-age=31536000",false,false,false,false,false,false,
62416387-2e01-4ff2-b2d3-8feb766ad9cd,decorative-imported-tray,KB-IM-1205,Decorative Imported Tray,imageUrl,https://images.unsplash.com/photo-1513885535751-8b9238bd345a?auto=format&fit=crop&w=1000&q=80,images.unsplash.com,/photo-1513885535751-8b9238bd345a,,false,false,true,200,image/jpeg,111749,61,1000,667,"public, max-age=31536000",false,false,false,false,false,false,
62416387-2e01-4ff2-b2d3-8feb766ad9cd,decorative-imported-tray,KB-IM-1205,Decorative Imported Tray,product_images[0].image_url,https://images.unsplash.com/photo-1513885535751-8b9238bd345a?auto=format&fit=crop&w=1000&q=80,images.unsplash.com,/photo-1513885535751-8b9238bd345a,,false,false,true,200,image/jpeg,111749,61,1000,667,"public, max-age=31536000",false,false,false,false,false,false,
9213ca60-e4b3-4a6c-a5a1-60443887baa3,imported-travel-pouch,KB-IM-1204,Imported Travel Pouch,image,https://images.unsplash.com/photo-1513885535751-8b9238bd345a?auto=format&fit=crop&w=1000&q=80,images.unsplash.com,/photo-1513885535751-8b9238bd345a,,false,false,true,200,image/jpeg,111749,61,1000,667,"public, max-age=31536000",false,false,false,false,false,false,
9213ca60-e4b3-4a6c-a5a1-60443887baa3,imported-travel-pouch,KB-IM-1204,Imported Travel Pouch,imageUrl,https://images.unsplash.com/photo-1513885535751-8b9238bd345a?auto=format&fit=crop&w=1000&q=80,images.unsplash.com,/photo-1513885535751-8b9238bd345a,,false,false,true,200,image/jpeg,111749,61,1000,667,"public, max-age=31536000",false,false,false,false,false,false,
9213ca60-e4b3-4a6c-a5a1-60443887baa3,imported-travel-pouch,KB-IM-1204,Imported Travel Pouch,product_images[0].image_url,https://images.unsplash.com/photo-1513885535751-8b9238bd345a?auto=format&fit=crop&w=1000&q=80,images.unsplash.com,/photo-1513885535751-8b9238bd345a,,false,false,true,200,image/jpeg,111749,61,1000,667,"public, max-age=31536000",false,false,false,false,false,false,
2f4bb02a-5495-4b96-8482-e08a138346f2,imported-novelty-gift-box,KB-IM-NV-117,Imported Novelty Gift Box,image,https://images.unsplash.com/photo-1513885535751-8b9238bd345a?auto=format&fit=crop&w=1000&q=80,images.unsplash.com,/photo-1513885535751-8b9238bd345a,,false,false,true,200,image/jpeg,111749,61,1000,667,"public, max-age=31536000",false,false,false,false,false,false,
2f4bb02a-5495-4b96-8482-e08a138346f2,imported-novelty-gift-box,KB-IM-NV-117,Imported Novelty Gift Box,imageUrl,https://images.unsplash.com/photo-1513885535751-8b9238bd345a?auto=format&fit=crop&w=1000&q=80,images.unsplash.com,/photo-1513885535751-8b9238bd345a,,false,false,true,200,image/jpeg,111749,61,1000,667,"public, max-age=31536000",false,false,false,false,false,false,
2f4bb02a-5495-4b96-8482-e08a138346f2,imported-novelty-gift-box,KB-IM-NV-117,Imported Novelty Gift Box,product_images[0].image_url,https://images.unsplash.com/photo-1513885535751-8b9238bd345a?auto=format&fit=crop&w=1000&q=80,images.unsplash.com,/photo-1513885535751-8b9238bd345a,,false,false,true,200,image/jpeg,111749,61,1000,667,"public, max-age=31536000",false,false,false,false,false,false,
e471fc83-0e8c-4de1-9b95-304dcb3a3710,royal-kundan-rakhi-set,KB-RA-0101,Royal Kundan Rakhi Set,image,https://images.unsplash.com/photo-1601121141461-9d6647bca1ed?auto=format&fit=crop&w=1000&q=80,images.unsplash.com,/photo-1601121141461-9d6647bca1ed,,false,false,true,200,image/jpeg,106002,26,1000,693,"public, max-age=31536000",false,false,false,false,false,false,
e471fc83-0e8c-4de1-9b95-304dcb3a3710,royal-kundan-rakhi-set,KB-RA-0101,Royal Kundan Rakhi Set,imageUrl,https://images.unsplash.com/photo-1601121141461-9d6647bca1ed?auto=format&fit=crop&w=1000&q=80,images.unsplash.com,/photo-1601121141461-9d6647bca1ed,,false,false,true,200,image/jpeg,106002,26,1000,693,"public, max-age=31536000",false,false,false,false,false,false,
e471fc83-0e8c-4de1-9b95-304dcb3a3710,royal-kundan-rakhi-set,KB-RA-0101,Royal Kundan Rakhi Set,product_images[0].image_url,https://images.unsplash.com/photo-1601121141461-9d6647bca1ed?auto=format&fit=crop&w=1000&q=80,images.unsplash.com,/photo-1601121141461-9d6647bca1ed,,false,false,true,200,image/jpeg,106002,26,1000,693,"public, max-age=31536000",false,false,false,false,false,false,
0acd8f60-9152-49f5-b196-08cd1842c982,pearl-bead-rakhi-pair,KB-RA-0102,Pearl Bead Rakhi Pair,image,https://images.unsplash.com/photo-1601121141461-9d6647bca1ed?auto=format&fit=crop&w=1000&q=80,images.unsplash.com,/photo-1601121141461-9d6647bca1ed,,false,false,true,200,image/jpeg,106002,26,1000,693,"public, max-age=31536000",false,false,false,false,false,false,
0acd8f60-9152-49f5-b196-08cd1842c982,pearl-bead-rakhi-pair,KB-RA-0102,Pearl Bead Rakhi Pair,imageUrl,https://images.unsplash.com/photo-1601121141461-9d6647bca1ed?auto=format&fit=crop&w=1000&q=80,images.unsplash.com,/photo-1601121141461-9d6647bca1ed,,false,false,true,200,image/jpeg,106002,26,1000,693,"public, max-age=31536000",false,false,false,false,false,false,
0acd8f60-9152-49f5-b196-08cd1842c982,pearl-bead-rakhi-pair,KB-RA-0102,Pearl Bead Rakhi Pair,product_images[0].image_url,https://images.unsplash.com/photo-1601121141461-9d6647bca1ed?auto=format&fit=crop&w=1000&q=80,images.unsplash.com,/photo-1601121141461-9d6647bca1ed,,false,false,true,200,image/jpeg,106002,26,1000,693,"public, max-age=31536000",false,false,false,false,false,false,
4181c679-b623-4b45-b30b-41fdccd6932d,premium-aroma-diffuser,KB-IM-1203,Premium Aroma Diffuser,image,https://images.unsplash.com/photo-1513885535751-8b9238bd345a?auto=format&fit=crop&w=1000&q=80,images.unsplash.com,/photo-1513885535751-8b9238bd345a,,false,false,true,200,image/jpeg,111749,61,1000,667,"public, max-age=31536000",false,false,false,false,false,false,
4181c679-b623-4b45-b30b-41fdccd6932d,premium-aroma-diffuser,KB-IM-1203,Premium Aroma Diffuser,imageUrl,https://images.unsplash.com/photo-1513885535751-8b9238bd345a?auto=format&fit=crop&w=1000&q=80,images.unsplash.com,/photo-1513885535751-8b9238bd345a,,false,false,true,200,image/jpeg,111749,61,1000,667,"public, max-age=31536000",false,false,false,false,false,false,
4181c679-b623-4b45-b30b-41fdccd6932d,premium-aroma-diffuser,KB-IM-1203,Premium Aroma Diffuser,product_images[0].image_url,https://images.unsplash.com/photo-1513885535751-8b9238bd345a?auto=format&fit=crop&w=1000&q=80,images.unsplash.com,/photo-1513885535751-8b9238bd345a,,false,false,true,200,image/jpeg,111749,61,1000,667,"public, max-age=31536000",false,false,false,false,false,false,
da13f7a9-6407-4d4a-b206-9bc827519f0c,designer-mauli-rakhi,KB-RA-0103,Designer Mauli Rakhi,image,https://images.unsplash.com/photo-1601121141461-9d6647bca1ed?auto=format&fit=crop&w=1000&q=80,images.unsplash.com,/photo-1601121141461-9d6647bca1ed,,false,false,true,200,image/jpeg,106002,26,1000,693,"public, max-age=31536000",false,false,false,false,false,false,
da13f7a9-6407-4d4a-b206-9bc827519f0c,designer-mauli-rakhi,KB-RA-0103,Designer Mauli Rakhi,imageUrl,https://images.unsplash.com/photo-1601121141461-9d6647bca1ed?auto=format&fit=crop&w=1000&q=80,images.unsplash.com,/photo-1601121141461-9d6647bca1ed,,false,false,true,200,image/jpeg,106002,26,1000,693,"public, max-age=31536000",false,false,false,false,false,false,
da13f7a9-6407-4d4a-b206-9bc827519f0c,designer-mauli-rakhi,KB-RA-0103,Designer Mauli Rakhi,product_images[0].image_url,https://images.unsplash.com/photo-1601121141461-9d6647bca1ed?auto=format&fit=crop&w=1000&q=80,images.unsplash.com,/photo-1601121141461-9d6647bca1ed,,false,false,true,200,image/jpeg,106002,26,1000,693,"public, max-age=31536000",false,false,false,false,false,false,
91b1fecf-6e66-4fa6-a9db-c33accaad3ac,antique-gold-bangle-pair,KB-BG-AG-909,Antique Gold Bangle Pair,image,https://images.unsplash.com/photo-1611591437281-460bfbe1220a?auto=format&fit=crop&w=1000&q=80,images.unsplash.com,/photo-1611591437281-460bfbe1220a,,false,false,true,200,image/jpeg,59797,10,1000,667,"public, max-age=31536000",false,false,false,false,false,false,
91b1fecf-6e66-4fa6-a9db-c33accaad3ac,antique-gold-bangle-pair,KB-BG-AG-909,Antique Gold Bangle Pair,imageUrl,https://images.unsplash.com/photo-1611591437281-460bfbe1220a?auto=format&fit=crop&w=1000&q=80,images.unsplash.com,/photo-1611591437281-460bfbe1220a,,false,false,true,200,image/jpeg,59797,10,1000,667,"public, max-age=31536000",false,false,false,false,false,false,
91b1fecf-6e66-4fa6-a9db-c33accaad3ac,antique-gold-bangle-pair,KB-BG-AG-909,Antique Gold Bangle Pair,product_images[0].image_url,https://images.unsplash.com/photo-1611591437281-460bfbe1220a?auto=format&fit=crop&w=1000&q=80,images.unsplash.com,/photo-1611591437281-460bfbe1220a,,false,false,true,200,image/jpeg,59797,10,1000,667,"public, max-age=31536000",false,false,false,false,false,false,
549ecffd-9f54-4cc2-bcc9-df012aff0fe6,imported-beauty-organizer,KB-IM-1201,Imported Beauty Organizer,image,https://images.unsplash.com/photo-1513885535751-8b9238bd345a?auto=format&fit=crop&w=1000&q=80,images.unsplash.com,/photo-1513885535751-8b9238bd345a,,false,false,true,200,image/jpeg,111749,61,1000,667,"public, max-age=31536000",false,false,false,false,false,false,
549ecffd-9f54-4cc2-bcc9-df012aff0fe6,imported-beauty-organizer,KB-IM-1201,Imported Beauty Organizer,imageUrl,https://images.unsplash.com/photo-1513885535751-8b9238bd345a?auto=format&fit=crop&w=1000&q=80,images.unsplash.com,/photo-1513885535751-8b9238bd345a,,false,false,true,200,image/jpeg,111749,61,1000,667,"public, max-age=31536000",false,false,false,false,false,false,
549ecffd-9f54-4cc2-bcc9-df012aff0fe6,imported-beauty-organizer,KB-IM-1201,Imported Beauty Organizer,product_images[0].image_url,https://images.unsplash.com/photo-1513885535751-8b9238bd345a?auto=format&fit=crop&w=1000&q=80,images.unsplash.com,/photo-1513885535751-8b9238bd345a,,false,false,true,200,image/jpeg,111749,61,1000,667,"public, max-age=31536000",false,false,false,false,false,false,
74355f8e-e381-40cb-8131-3fc997a34f1c,kids-cartoon-rakhi-combo,KB-RA-0105,Kids Cartoon Rakhi Combo,image,https://images.unsplash.com/photo-1601121141461-9d6647bca1ed?auto=format&fit=crop&w=1000&q=80,images.unsplash.com,/photo-1601121141461-9d6647bca1ed,,false,false,true,200,image/jpeg,106002,26,1000,693,"public, max-age=31536000",false,false,false,false,false,false,
74355f8e-e381-40cb-8131-3fc997a34f1c,kids-cartoon-rakhi-combo,KB-RA-0105,Kids Cartoon Rakhi Combo,imageUrl,https://images.unsplash.com/photo-1601121141461-9d6647bca1ed?auto=format&fit=crop&w=1000&q=80,images.unsplash.com,/photo-1601121141461-9d6647bca1ed,,false,false,true,200,image/jpeg,106002,26,1000,693,"public, max-age=31536000",false,false,false,false,false,false,
74355f8e-e381-40cb-8131-3fc997a34f1c,kids-cartoon-rakhi-combo,KB-RA-0105,Kids Cartoon Rakhi Combo,product_images[0].image_url,https://images.unsplash.com/photo-1601121141461-9d6647bca1ed?auto=format&fit=crop&w=1000&q=80,images.unsplash.com,/photo-1601121141461-9d6647bca1ed,,false,false,true,200,image/jpeg,106002,26,1000,693,"public, max-age=31536000",false,false,false,false,false,false,
e77898e8-70fe-479a-b757-037f43b76c3f,antique-pendant-jewellery-set,KB-JE-0201,Antique Pendant Jewellery Set,image,https://images.unsplash.com/photo-1599643478518-a784e5dc4c8f?auto=format&fit=crop&w=1000&q=80,images.unsplash.com,/photo-1599643478518-a784e5dc4c8f,,false,false,true,200,image/jpeg,161984,35,1000,1500,"public, max-age=31536000",false,false,false,false,false,false,
e77898e8-70fe-479a-b757-037f43b76c3f,antique-pendant-jewellery-set,KB-JE-0201,Antique Pendant Jewellery Set,imageUrl,https://images.unsplash.com/photo-1599643478518-a784e5dc4c8f?auto=format&fit=crop&w=1000&q=80,images.unsplash.com,/photo-1599643478518-a784e5dc4c8f,,false,false,true,200,image/jpeg,161984,35,1000,1500,"public, max-age=31536000",false,false,false,false,false,false,
e77898e8-70fe-479a-b757-037f43b76c3f,antique-pendant-jewellery-set,KB-JE-0201,Antique Pendant Jewellery Set,product_images[0].image_url,https://images.unsplash.com/photo-1599643478518-a784e5dc4c8f?auto=format&fit=crop&w=1000&q=80,images.unsplash.com,/photo-1599643478518-a784e5dc4c8f,,false,false,true,200,image/jpeg,161984,35,1000,1500,"public, max-age=31536000",false,false,false,false,false,false,
89691f52-22c9-4f16-9098-5069dd15aa3b,rose-pearl-earrings,KB-JE-0202,Rose Pearl Earrings,image,https://images.unsplash.com/photo-1599643478518-a784e5dc4c8f?auto=format&fit=crop&w=1000&q=80,images.unsplash.com,/photo-1599643478518-a784e5dc4c8f,,false,false,true,200,image/jpeg,161984,35,1000,1500,"public, max-age=31536000",false,false,false,false,false,false,
89691f52-22c9-4f16-9098-5069dd15aa3b,rose-pearl-earrings,KB-JE-0202,Rose Pearl Earrings,imageUrl,https://images.unsplash.com/photo-1599643478518-a784e5dc4c8f?auto=format&fit=crop&w=1000&q=80,images.unsplash.com,/photo-1599643478518-a784e5dc4c8f,,false,false,true,200,image/jpeg,161984,35,1000,1500,"public, max-age=31536000",false,false,false,false,false,false,
89691f52-22c9-4f16-9098-5069dd15aa3b,rose-pearl-earrings,KB-JE-0202,Rose Pearl Earrings,product_images[0].image_url,https://images.unsplash.com/photo-1599643478518-a784e5dc4c8f?auto=format&fit=crop&w=1000&q=80,images.unsplash.com,/photo-1599643478518-a784e5dc4c8f,,false,false,true,200,image/jpeg,161984,35,1000,1500,"public, max-age=31536000",false,false,false,false,false,false,
bad90e28-3720-4d41-aaa1-0bad1c4f8203,meenakari-choker-set,KB-JE-0203,Meenakari Choker Set,image,https://images.unsplash.com/photo-1599643478518-a784e5dc4c8f?auto=format&fit=crop&w=1000&q=80,images.unsplash.com,/photo-1599643478518-a784e5dc4c8f,,false,false,true,200,image/jpeg,161984,35,1000,1500,"public, max-age=31536000",false,false,false,false,false,false,
bad90e28-3720-4d41-aaa1-0bad1c4f8203,meenakari-choker-set,KB-JE-0203,Meenakari Choker Set,imageUrl,https://images.unsplash.com/photo-1599643478518-a784e5dc4c8f?auto=format&fit=crop&w=1000&q=80,images.unsplash.com,/photo-1599643478518-a784e5dc4c8f,,false,false,true,200,image/jpeg,161984,35,1000,1500,"public, max-age=31536000",false,false,false,false,false,false,
bad90e28-3720-4d41-aaa1-0bad1c4f8203,meenakari-choker-set,KB-JE-0203,Meenakari Choker Set,product_images[0].image_url,https://images.unsplash.com/photo-1599643478518-a784e5dc4c8f?auto=format&fit=crop&w=1000&q=80,images.unsplash.com,/photo-1599643478518-a784e5dc4c8f,,false,false,true,200,image/jpeg,161984,35,1000,1500,"public, max-age=31536000",false,false,false,false,false,false,
39eb231f-c082-4d3e-ab24-5619c50dcfa8,gold-tone-bracelet,KB-JE-0204,Gold Tone Bracelet,image,https://images.unsplash.com/photo-1599643478518-a784e5dc4c8f?auto=format&fit=crop&w=1000&q=80,images.unsplash.com,/photo-1599643478518-a784e5dc4c8f,,false,false,true,200,image/jpeg,161984,35,1000,1500,"public, max-age=31536000",false,false,false,false,false,false,
39eb231f-c082-4d3e-ab24-5619c50dcfa8,gold-tone-bracelet,KB-JE-0204,Gold Tone Bracelet,imageUrl,https://images.unsplash.com/photo-1599643478518-a784e5dc4c8f?auto=format&fit=crop&w=1000&q=80,images.unsplash.com,/photo-1599643478518-a784e5dc4c8f,,false,false,true,200,image/jpeg,161984,35,1000,1500,"public, max-age=31536000",false,false,false,false,false,false,
39eb231f-c082-4d3e-ab24-5619c50dcfa8,gold-tone-bracelet,KB-JE-0204,Gold Tone Bracelet,product_images[0].image_url,https://images.unsplash.com/photo-1599643478518-a784e5dc4c8f?auto=format&fit=crop&w=1000&q=80,images.unsplash.com,/photo-1599643478518-a784e5dc4c8f,,false,false,true,200,image/jpeg,161984,35,1000,1500,"public, max-age=31536000",false,false,false,false,false,false,
811a9c5e-5c9d-455e-8cca-74e9bde3ec1e,crystal-stud-combo,KB-JE-0205,Crystal Stud Combo,image,https://images.unsplash.com/photo-1599643478518-a784e5dc4c8f?auto=format&fit=crop&w=1000&q=80,images.unsplash.com,/photo-1599643478518-a784e5dc4c8f,,false,false,true,200,image/jpeg,161984,35,1000,1500,"public, max-age=31536000",false,false,false,false,false,false,
811a9c5e-5c9d-455e-8cca-74e9bde3ec1e,crystal-stud-combo,KB-JE-0205,Crystal Stud Combo,imageUrl,https://images.unsplash.com/photo-1599643478518-a784e5dc4c8f?auto=format&fit=crop&w=1000&q=80,images.unsplash.com,/photo-1599643478518-a784e5dc4c8f,,false,false,true,200,image/jpeg,161984,35,1000,1500,"public, max-age=31536000",false,false,false,false,false,false,
811a9c5e-5c9d-455e-8cca-74e9bde3ec1e,crystal-stud-combo,KB-JE-0205,Crystal Stud Combo,product_images[0].image_url,https://images.unsplash.com/photo-1599643478518-a784e5dc4c8f?auto=format&fit=crop&w=1000&q=80,images.unsplash.com,/photo-1599643478518-a784e5dc4c8f,,false,false,true,200,image/jpeg,161984,35,1000,1500,"public, max-age=31536000",false,false,false,false,false,false,
30733983-8d93-4612-8a19-433555f297e8,pearl-glow-jewellery-set,KB-JW-PL-808,Pearl Glow Jewellery Set,image,https://images.unsplash.com/photo-1599643478518-a784e5dc4c8f?auto=format&fit=crop&w=1000&q=80,images.unsplash.com,/photo-1599643478518-a784e5dc4c8f,,false,false,true,200,image/jpeg,161984,35,1000,1500,"public, max-age=31536000",false,false,false,false,false,false,
30733983-8d93-4612-8a19-433555f297e8,pearl-glow-jewellery-set,KB-JW-PL-808,Pearl Glow Jewellery Set,imageUrl,https://images.unsplash.com/photo-1599643478518-a784e5dc4c8f?auto=format&fit=crop&w=1000&q=80,images.unsplash.com,/photo-1599643478518-a784e5dc4c8f,,false,false,true,200,image/jpeg,161984,35,1000,1500,"public, max-age=31536000",false,false,false,false,false,false,
30733983-8d93-4612-8a19-433555f297e8,pearl-glow-jewellery-set,KB-JW-PL-808,Pearl Glow Jewellery Set,product_images[0].image_url,https://images.unsplash.com/photo-1599643478518-a784e5dc4c8f?auto=format&fit=crop&w=1000&q=80,images.unsplash.com,/photo-1599643478518-a784e5dc4c8f,,false,false,true,200,image/jpeg,161984,35,1000,1500,"public, max-age=31536000",false,false,false,false,false,false,
12598dc3-559f-4135-b708-8569e9dcaed1,prosperous-festive-gift-hamper,KB-HP-PR-707,Prosperous Festive Gift Hamper,image,https://images.unsplash.com/photo-1513885535751-8b9238bd345a?auto=format&fit=crop&w=1000&q=80,images.unsplash.com,/photo-1513885535751-8b9238bd345a,,false,false,true,200,image/jpeg,111749,61,1000,667,"public, max-age=31536000",false,false,false,false,false,false,
12598dc3-559f-4135-b708-8569e9dcaed1,prosperous-festive-gift-hamper,KB-HP-PR-707,Prosperous Festive Gift Hamper,imageUrl,https://images.unsplash.com/photo-1513885535751-8b9238bd345a?auto=format&fit=crop&w=1000&q=80,images.unsplash.com,/photo-1513885535751-8b9238bd345a,,false,false,true,200,image/jpeg,111749,61,1000,667,"public, max-age=31536000",false,false,false,false,false,false,
12598dc3-559f-4135-b708-8569e9dcaed1,prosperous-festive-gift-hamper,KB-HP-PR-707,Prosperous Festive Gift Hamper,product_images[0].image_url,https://images.unsplash.com/photo-1513885535751-8b9238bd345a?auto=format&fit=crop&w=1000&q=80,images.unsplash.com,/photo-1513885535751-8b9238bd345a,,false,false,true,200,image/jpeg,111749,61,1000,667,"public, max-age=31536000",false,false,false,false,false,false,
8823a3c3-7af4-4391-b366-af2b4008ba29,ferrero-rochers-chocolate-16-pcs-pack,KB-GF-FR-616,Ferrero Rochers Chocolate 16 Pcs Pack,image,https://images.unsplash.com/photo-1606312619070-d48b4c652a52?auto=format&fit=crop&w=1000&q=80,images.unsplash.com,/photo-1606312619070-d48b4c652a52,,false,false,true,200,image/jpeg,162719,13,1000,1500,"public, max-age=31536000",false,false,false,false,false,false,
8823a3c3-7af4-4391-b366-af2b4008ba29,ferrero-rochers-chocolate-16-pcs-pack,KB-GF-FR-616,Ferrero Rochers Chocolate 16 Pcs Pack,imageUrl,https://images.unsplash.com/photo-1606312619070-d48b4c652a52?auto=format&fit=crop&w=1000&q=80,images.unsplash.com,/photo-1606312619070-d48b4c652a52,,false,false,true,200,image/jpeg,162719,13,1000,1500,"public, max-age=31536000",false,false,false,false,false,false,
8823a3c3-7af4-4391-b366-af2b4008ba29,ferrero-rochers-chocolate-16-pcs-pack,KB-GF-FR-616,Ferrero Rochers Chocolate 16 Pcs Pack,product_images[0].image_url,https://images.unsplash.com/photo-1606312619070-d48b4c652a52?auto=format&fit=crop&w=1000&q=80,images.unsplash.com,/photo-1606312619070-d48b4c652a52,,false,false,true,200,image/jpeg,162719,13,1000,1500,"public, max-age=31536000",false,false,false,false,false,false,
825505a9-b307-4bd1-bb63-20237c89e724,divine-spiritual-om-rakhi,KB-RK-OM-101,Divine Spiritual Om Rakhi,image,/hero/raksha-bandhan-2026.png,local,/hero/raksha-bandhan-2026.png,png,false,false,true,200,image/png,2057150,5,1774,887,,false,false,false,true,true,false,
825505a9-b307-4bd1-bb63-20237c89e724,divine-spiritual-om-rakhi,KB-RK-OM-101,Divine Spiritual Om Rakhi,imageUrl,/hero/raksha-bandhan-2026.png,local,/hero/raksha-bandhan-2026.png,png,false,false,true,200,image/png,2057150,5,1774,887,,false,false,false,true,true,false,
825505a9-b307-4bd1-bb63-20237c89e724,divine-spiritual-om-rakhi,KB-RK-OM-101,Divine Spiritual Om Rakhi,product_images[0].image_url,/hero/raksha-bandhan-2026.png,local,/hero/raksha-bandhan-2026.png,png,false,false,true,200,image/png,2057150,5,1774,887,,false,false,false,true,true,false,
22da9a57-877e-4660-9c02-6d0fb64421f4,rose-gold-bangle-stack,KB-BA-0301,Rose Gold Bangle Stack,image,https://images.unsplash.com/photo-1611591437281-460bfbe1220a?auto=format&fit=crop&w=1000&q=80,images.unsplash.com,/photo-1611591437281-460bfbe1220a,,false,false,true,200,image/jpeg,59797,10,1000,667,"public, max-age=31536000",false,false,false,false,false,false,
22da9a57-877e-4660-9c02-6d0fb64421f4,rose-gold-bangle-stack,KB-BA-0301,Rose Gold Bangle Stack,imageUrl,https://images.unsplash.com/photo-1611591437281-460bfbe1220a?auto=format&fit=crop&w=1000&q=80,images.unsplash.com,/photo-1611591437281-460bfbe1220a,,false,false,true,200,image/jpeg,59797,10,1000,667,"public, max-age=31536000",false,false,false,false,false,false,
22da9a57-877e-4660-9c02-6d0fb64421f4,rose-gold-bangle-stack,KB-BA-0301,Rose Gold Bangle Stack,product_images[0].image_url,https://images.unsplash.com/photo-1611591437281-460bfbe1220a?auto=format&fit=crop&w=1000&q=80,images.unsplash.com,/photo-1611591437281-460bfbe1220a,,false,false,true,200,image/jpeg,59797,10,1000,667,"public, max-age=31536000",false,false,false,false,false,false,
1089f7d4-0a42-4ab9-91a3-02acf70c7806,kundan-bridal-bangles,KB-BA-0302,Kundan Bridal Bangles,image,https://images.unsplash.com/photo-1611591437281-460bfbe1220a?auto=format&fit=crop&w=1000&q=80,images.unsplash.com,/photo-1611591437281-460bfbe1220a,,false,false,true,200,image/jpeg,59797,10,1000,667,"public, max-age=31536000",false,false,false,false,false,false,
1089f7d4-0a42-4ab9-91a3-02acf70c7806,kundan-bridal-bangles,KB-BA-0302,Kundan Bridal Bangles,imageUrl,https://images.unsplash.com/photo-1611591437281-460bfbe1220a?auto=format&fit=crop&w=1000&q=80,images.unsplash.com,/photo-1611591437281-460bfbe1220a,,false,false,true,200,image/jpeg,59797,10,1000,667,"public, max-age=31536000",false,false,false,false,false,false,
1089f7d4-0a42-4ab9-91a3-02acf70c7806,kundan-bridal-bangles,KB-BA-0302,Kundan Bridal Bangles,product_images[0].image_url,https://images.unsplash.com/photo-1611591437281-460bfbe1220a?auto=format&fit=crop&w=1000&q=80,images.unsplash.com,/photo-1611591437281-460bfbe1220a,,false,false,true,200,image/jpeg,59797,10,1000,667,"public, max-age=31536000",false,false,false,false,false,false,
ca82050b-f582-4f7e-9c26-256dfa1ffac4,set-of-two-rakhi-with-imported-chocolates-combo,KB-CB-IM-505,Set of Two Rakhi with Imported Chocolates Combo,image,https://images.unsplash.com/photo-1548907040-4baa42d10919?auto=format&fit=crop&w=1000&q=80,images.unsplash.com,/photo-1548907040-4baa42d10919,,false,false,true,200,image/jpeg,96135,12,1000,1333,"public, max-age=31536000",false,false,false,false,false,false,
ca82050b-f582-4f7e-9c26-256dfa1ffac4,set-of-two-rakhi-with-imported-chocolates-combo,KB-CB-IM-505,Set of Two Rakhi with Imported Chocolates Combo,imageUrl,https://images.unsplash.com/photo-1548907040-4baa42d10919?auto=format&fit=crop&w=1000&q=80,images.unsplash.com,/photo-1548907040-4baa42d10919,,false,false,true,200,image/jpeg,96135,12,1000,1333,"public, max-age=31536000",false,false,false,false,false,false,
ca82050b-f582-4f7e-9c26-256dfa1ffac4,set-of-two-rakhi-with-imported-chocolates-combo,KB-CB-IM-505,Set of Two Rakhi with Imported Chocolates Combo,product_images[0].image_url,https://images.unsplash.com/photo-1548907040-4baa42d10919?auto=format&fit=crop&w=1000&q=80,images.unsplash.com,/photo-1548907040-4baa42d10919,,false,false,true,200,image/jpeg,96135,12,1000,1333,"public, max-age=31536000",false,false,false,false,false,false,
a65dbd2a-db4f-41e8-b4cb-5fd8b2a73063,elegant-bhabhi-rakhi,KB-RK-BH-404,Elegant Bhabhi Rakhi,image,https://images.unsplash.com/photo-1601121141461-9d6647bca1ed?auto=format&fit=crop&w=1000&q=80,images.unsplash.com,/photo-1601121141461-9d6647bca1ed,,false,false,true,200,image/jpeg,106002,26,1000,693,"public, max-age=31536000",false,false,false,false,false,false,
a65dbd2a-db4f-41e8-b4cb-5fd8b2a73063,elegant-bhabhi-rakhi,KB-RK-BH-404,Elegant Bhabhi Rakhi,imageUrl,https://images.unsplash.com/photo-1601121141461-9d6647bca1ed?auto=format&fit=crop&w=1000&q=80,images.unsplash.com,/photo-1601121141461-9d6647bca1ed,,false,false,true,200,image/jpeg,106002,26,1000,693,"public, max-age=31536000",false,false,false,false,false,false,
a65dbd2a-db4f-41e8-b4cb-5fd8b2a73063,elegant-bhabhi-rakhi,KB-RK-BH-404,Elegant Bhabhi Rakhi,product_images[0].image_url,https://images.unsplash.com/photo-1601121141461-9d6647bca1ed?auto=format&fit=crop&w=1000&q=80,images.unsplash.com,/photo-1601121141461-9d6647bca1ed,,false,false,true,200,image/jpeg,106002,26,1000,693,"public, max-age=31536000",false,false,false,false,false,false,
436669a5-a094-4efe-94fe-aa00655bbe0c,ek-onkar-bracelet-rakhi-for-brother,KB-RK-EK-303,Ek Onkar Bracelet Rakhi for Brother,image,https://images.unsplash.com/photo-1606760227091-3dd870d97f1d?auto=format&fit=crop&w=1000&q=80,images.unsplash.com,/photo-1606760227091-3dd870d97f1d,,false,false,true,200,image/jpeg,391437,11,1000,1500,"public, max-age=31536000",false,false,false,false,false,false,
436669a5-a094-4efe-94fe-aa00655bbe0c,ek-onkar-bracelet-rakhi-for-brother,KB-RK-EK-303,Ek Onkar Bracelet Rakhi for Brother,imageUrl,https://images.unsplash.com/photo-1606760227091-3dd870d97f1d?auto=format&fit=crop&w=1000&q=80,images.unsplash.com,/photo-1606760227091-3dd870d97f1d,,false,false,true,200,image/jpeg,391437,11,1000,1500,"public, max-age=31536000",false,false,false,false,false,false,
436669a5-a094-4efe-94fe-aa00655bbe0c,ek-onkar-bracelet-rakhi-for-brother,KB-RK-EK-303,Ek Onkar Bracelet Rakhi for Brother,product_images[0].image_url,https://images.unsplash.com/photo-1606760227091-3dd870d97f1d?auto=format&fit=crop&w=1000&q=80,images.unsplash.com,/photo-1606760227091-3dd870d97f1d,,false,false,true,200,image/jpeg,391437,11,1000,1500,"public, max-age=31536000",false,false,false,false,false,false,
4420bce1-e2cd-4584-9d6a-4fd5bf2ec7f8,set-of-2-kids-rakhi,KB-RK-KD-202,Set of 2 Kids Rakhi,image,/hero/raksha-bandhan-2026.png,local,/hero/raksha-bandhan-2026.png,png,false,false,true,200,image/png,2057150,5,1774,887,,false,false,false,true,true,false,
4420bce1-e2cd-4584-9d6a-4fd5bf2ec7f8,set-of-2-kids-rakhi,KB-RK-KD-202,Set of 2 Kids Rakhi,imageUrl,/hero/raksha-bandhan-2026.png,local,/hero/raksha-bandhan-2026.png,png,false,false,true,200,image/png,2057150,5,1774,887,,false,false,false,true,true,false,
4420bce1-e2cd-4584-9d6a-4fd5bf2ec7f8,set-of-2-kids-rakhi,KB-RK-KD-202,Set of 2 Kids Rakhi,product_images[0].image_url,/hero/raksha-bandhan-2026.png,local,/hero/raksha-bandhan-2026.png,png,false,false,true,200,image/png,2057150,5,1774,887,,false,false,false,true,true,false,
95e29f58-c7a0-407d-8502-5cc11c6a3412,decorative-tea-kettle,KB-CR-1105,Decorative Tea Kettle,image,https://images.unsplash.com/photo-1516594798947-e65505dbb29d?auto=format&fit=crop&w=1000&q=80,images.unsplash.com,/photo-1516594798947-e65505dbb29d,,false,false,true,200,image/jpeg,136589,13,1000,667,"public, max-age=31536000",false,false,false,false,false,false,
95e29f58-c7a0-407d-8502-5cc11c6a3412,decorative-tea-kettle,KB-CR-1105,Decorative Tea Kettle,imageUrl,https://images.unsplash.com/photo-1516594798947-e65505dbb29d?auto=format&fit=crop&w=1000&q=80,images.unsplash.com,/photo-1516594798947-e65505dbb29d,,false,false,true,200,image/jpeg,136589,13,1000,667,"public, max-age=31536000",false,false,false,false,false,false,
95e29f58-c7a0-407d-8502-5cc11c6a3412,decorative-tea-kettle,KB-CR-1105,Decorative Tea Kettle,product_images[0].image_url,https://images.unsplash.com/photo-1516594798947-e65505dbb29d?auto=format&fit=crop&w=1000&q=80,images.unsplash.com,/photo-1516594798947-e65505dbb29d,,false,false,true,200,image/jpeg,136589,13,1000,667,"public, max-age=31536000",false,false,false,false,false,false,
b2eccb98-fc46-41a6-a3eb-ed6578927b8c,glass-dessert-bowl-set,KB-CR-1104,Glass Dessert Bowl Set,image,https://images.unsplash.com/photo-1516594798947-e65505dbb29d?auto=format&fit=crop&w=1000&q=80,images.unsplash.com,/photo-1516594798947-e65505dbb29d,,false,false,true,200,image/jpeg,136589,13,1000,667,"public, max-age=31536000",false,false,false,false,false,false,
b2eccb98-fc46-41a6-a3eb-ed6578927b8c,glass-dessert-bowl-set,KB-CR-1104,Glass Dessert Bowl Set,imageUrl,https://images.unsplash.com/photo-1516594798947-e65505dbb29d?auto=format&fit=crop&w=1000&q=80,images.unsplash.com,/photo-1516594798947-e65505dbb29d,,false,false,true,200,image/jpeg,136589,13,1000,667,"public, max-age=31536000",false,false,false,false,false,false,
b2eccb98-fc46-41a6-a3eb-ed6578927b8c,glass-dessert-bowl-set,KB-CR-1104,Glass Dessert Bowl Set,product_images[0].image_url,https://images.unsplash.com/photo-1516594798947-e65505dbb29d?auto=format&fit=crop&w=1000&q=80,images.unsplash.com,/photo-1516594798947-e65505dbb29d,,false,false,true,200,image/jpeg,136589,13,1000,667,"public, max-age=31536000",false,false,false,false,false,false,
3d665978-c81f-4a0c-b10e-e35d002106a5,premium-serving-platter,KB-CR-1103,Premium Serving Platter,image,https://images.unsplash.com/photo-1516594798947-e65505dbb29d?auto=format&fit=crop&w=1000&q=80,images.unsplash.com,/photo-1516594798947-e65505dbb29d,,false,false,true,200,image/jpeg,136589,13,1000,667,"public, max-age=31536000",false,false,false,false,false,false,
3d665978-c81f-4a0c-b10e-e35d002106a5,premium-serving-platter,KB-CR-1103,Premium Serving Platter,imageUrl,https://images.unsplash.com/photo-1516594798947-e65505dbb29d?auto=format&fit=crop&w=1000&q=80,images.unsplash.com,/photo-1516594798947-e65505dbb29d,,false,false,true,200,image/jpeg,136589,13,1000,667,"public, max-age=31536000",false,false,false,false,false,false,
3d665978-c81f-4a0c-b10e-e35d002106a5,premium-serving-platter,KB-CR-1103,Premium Serving Platter,product_images[0].image_url,https://images.unsplash.com/photo-1516594798947-e65505dbb29d?auto=format&fit=crop&w=1000&q=80,images.unsplash.com,/photo-1516594798947-e65505dbb29d,,false,false,true,200,image/jpeg,136589,13,1000,667,"public, max-age=31536000",false,false,false,false,false,false,
22c9a403-c2e5-4bd0-9cc4-ae24c618c8a7,sky-bloom-floral-compact-umbrella,KB-UMB-001,Sky Bloom Floral Compact Umbrella,image,https://pwdbvmplcftqnrnyizkf.supabase.co/storage/v1/object/public/product-images/temp/main/1784110583963-b9c4122c-bb7f-4e1a-ad05-01130f382f16.png,pwdbvmplcftqnrnyizkf.supabase.co,/storage/v1/object/public/product-images/temp/main/1784110583963-b9c4122c-bb7f-4e1a-ad05-01130f382f16.png,png,true,false,true,200,image/png,2101892,420,1402,1122,"public, max-age=3600",false,false,false,true,true,false,
22c9a403-c2e5-4bd0-9cc4-ae24c618c8a7,sky-bloom-floral-compact-umbrella,KB-UMB-001,Sky Bloom Floral Compact Umbrella,imageUrl,https://pwdbvmplcftqnrnyizkf.supabase.co/storage/v1/object/public/product-images/temp/main/1784110583963-b9c4122c-bb7f-4e1a-ad05-01130f382f16.png,pwdbvmplcftqnrnyizkf.supabase.co,/storage/v1/object/public/product-images/temp/main/1784110583963-b9c4122c-bb7f-4e1a-ad05-01130f382f16.png,png,true,false,true,200,image/png,2101892,420,1402,1122,"public, max-age=3600",false,false,false,true,true,false,
22c9a403-c2e5-4bd0-9cc4-ae24c618c8a7,sky-bloom-floral-compact-umbrella,KB-UMB-001,Sky Bloom Floral Compact Umbrella,image_url,https://pwdbvmplcftqnrnyizkf.supabase.co/storage/v1/object/public/product-images/temp/main/1784110583963-b9c4122c-bb7f-4e1a-ad05-01130f382f16.png,pwdbvmplcftqnrnyizkf.supabase.co,/storage/v1/object/public/product-images/temp/main/1784110583963-b9c4122c-bb7f-4e1a-ad05-01130f382f16.png,png,true,false,true,200,image/png,2101892,420,1402,1122,"public, max-age=3600",false,false,false,true,true,false,
b53d57dd-374a-45f3-944b-d1e0de199bcd,astronaut-rocket-glitter-kids-tumbler,KB-FNC-002,Astronaut Rocket Glitter Kids Tumbler,image,https://pwdbvmplcftqnrnyizkf.supabase.co/storage/v1/object/public/product-images/b53d57dd-374a-45f3-944b-d1e0de199bcd/gallery/1784108896724-304b2131-7431-4035-a6b8-7fbd22f425fc.png,pwdbvmplcftqnrnyizkf.supabase.co,/storage/v1/object/public/product-images/b53d57dd-374a-45f3-944b-d1e0de199bcd/gallery/1784108896724-304b2131-7431-4035-a6b8-7fbd22f425fc.png,png,false,false,true,200,image/png,2023067,547,1086,1448,"public, max-age=3600",false,false,false,true,true,false,
b53d57dd-374a-45f3-944b-d1e0de199bcd,astronaut-rocket-glitter-kids-tumbler,KB-FNC-002,Astronaut Rocket Glitter Kids Tumbler,imageUrl,https://pwdbvmplcftqnrnyizkf.supabase.co/storage/v1/object/public/product-images/b53d57dd-374a-45f3-944b-d1e0de199bcd/gallery/1784108896724-304b2131-7431-4035-a6b8-7fbd22f425fc.png,pwdbvmplcftqnrnyizkf.supabase.co,/storage/v1/object/public/product-images/b53d57dd-374a-45f3-944b-d1e0de199bcd/gallery/1784108896724-304b2131-7431-4035-a6b8-7fbd22f425fc.png,png,false,false,true,200,image/png,2023067,547,1086,1448,"public, max-age=3600",false,false,false,true,true,false,
b53d57dd-374a-45f3-944b-d1e0de199bcd,astronaut-rocket-glitter-kids-tumbler,KB-FNC-002,Astronaut Rocket Glitter Kids Tumbler,image_url,https://pwdbvmplcftqnrnyizkf.supabase.co/storage/v1/object/public/product-images/b53d57dd-374a-45f3-944b-d1e0de199bcd/gallery/1784108896724-304b2131-7431-4035-a6b8-7fbd22f425fc.png,pwdbvmplcftqnrnyizkf.supabase.co,/storage/v1/object/public/product-images/b53d57dd-374a-45f3-944b-d1e0de199bcd/gallery/1784108896724-304b2131-7431-4035-a6b8-7fbd22f425fc.png,png,false,false,true,200,image/png,2023067,547,1086,1448,"public, max-age=3600",false,false,false,true,true,false,
a4a7f379-ff5f-4905-b538-2458e7ef464a,space-walk-glitter-kids-tumbler-with-straw,KB-FNC-001,Space Walk Glitter Kids Tumbler with Straw,image,https://pwdbvmplcftqnrnyizkf.supabase.co/storage/v1/object/public/product-images/temp/main/1784108387965-2747557e-9ac7-47d3-ac7f-80eb015c955c.png,pwdbvmplcftqnrnyizkf.supabase.co,/storage/v1/object/public/product-images/temp/main/1784108387965-2747557e-9ac7-47d3-ac7f-80eb015c955c.png,png,true,false,true,200,image/png,1856678,236,1086,1448,"public, max-age=3600",false,false,false,true,true,false,
a4a7f379-ff5f-4905-b538-2458e7ef464a,space-walk-glitter-kids-tumbler-with-straw,KB-FNC-001,Space Walk Glitter Kids Tumbler with Straw,imageUrl,https://pwdbvmplcftqnrnyizkf.supabase.co/storage/v1/object/public/product-images/temp/main/1784108387965-2747557e-9ac7-47d3-ac7f-80eb015c955c.png,pwdbvmplcftqnrnyizkf.supabase.co,/storage/v1/object/public/product-images/temp/main/1784108387965-2747557e-9ac7-47d3-ac7f-80eb015c955c.png,png,true,false,true,200,image/png,1856678,236,1086,1448,"public, max-age=3600",false,false,false,true,true,false,
a4a7f379-ff5f-4905-b538-2458e7ef464a,space-walk-glitter-kids-tumbler-with-straw,KB-FNC-001,Space Walk Glitter Kids Tumbler with Straw,image_url,https://pwdbvmplcftqnrnyizkf.supabase.co/storage/v1/object/public/product-images/temp/main/1784108387965-2747557e-9ac7-47d3-ac7f-80eb015c955c.png,pwdbvmplcftqnrnyizkf.supabase.co,/storage/v1/object/public/product-images/temp/main/1784108387965-2747557e-9ac7-47d3-ac7f-80eb015c955c.png,png,true,false,true,200,image/png,1856678,236,1086,1448,"public, max-age=3600",false,false,false,true,true,false,
ca00c862-102e-4ac5-8cc9-0afc74caf2a6,believe-luxury-matte-black-soap-dispenser-with-gold-pump,KB-CRK-002,Believe Luxury Matte Black Soap Dispenser with Gold Pump,image,https://pwdbvmplcftqnrnyizkf.supabase.co/storage/v1/object/public/product-images/temp/main/1784008655144-elegant-spa-dispenser-with-gold-details.png,pwdbvmplcftqnrnyizkf.supabase.co,/storage/v1/object/public/product-images/temp/main/1784008655144-elegant-spa-dispenser-with-gold-details.png,png,true,false,true,200,image/png,1673493,495,1086,1449,"public, max-age=3600",false,false,false,true,true,false,
ca00c862-102e-4ac5-8cc9-0afc74caf2a6,believe-luxury-matte-black-soap-dispenser-with-gold-pump,KB-CRK-002,Believe Luxury Matte Black Soap Dispenser with Gold Pump,imageUrl,https://pwdbvmplcftqnrnyizkf.supabase.co/storage/v1/object/public/product-images/temp/main/1784008655144-elegant-spa-dispenser-with-gold-details.png,pwdbvmplcftqnrnyizkf.supabase.co,/storage/v1/object/public/product-images/temp/main/1784008655144-elegant-spa-dispenser-with-gold-details.png,png,true,false,true,200,image/png,1673493,495,1086,1449,"public, max-age=3600",false,false,false,true,true,false,
ca00c862-102e-4ac5-8cc9-0afc74caf2a6,believe-luxury-matte-black-soap-dispenser-with-gold-pump,KB-CRK-002,Believe Luxury Matte Black Soap Dispenser with Gold Pump,image_url,https://pwdbvmplcftqnrnyizkf.supabase.co/storage/v1/object/public/product-images/temp/main/1784008655144-elegant-spa-dispenser-with-gold-details.png,pwdbvmplcftqnrnyizkf.supabase.co,/storage/v1/object/public/product-images/temp/main/1784008655144-elegant-spa-dispenser-with-gold-details.png,png,true,false,true,200,image/png,1673493,495,1086,1449,"public, max-age=3600",false,false,false,true,true,false,
dbb80cf6-e38a-4e80-86b4-da821407eb22,royal-heritage-ceramic-mug-set,KB-CRK-001,Royal Heritage Ceramic Mug Set,image,https://pwdbvmplcftqnrnyizkf.supabase.co/storage/v1/object/public/product-images/temp/main/1784008451616-elegant-ceramic-mugs-with-indian-portraits.png,pwdbvmplcftqnrnyizkf.supabase.co,/storage/v1/object/public/product-images/temp/main/1784008451616-elegant-ceramic-mugs-with-indian-portraits.png,png,true,false,true,200,image/png,1914431,214,1447,1087,"public, max-age=3600",false,false,false,true,true,false,
dbb80cf6-e38a-4e80-86b4-da821407eb22,royal-heritage-ceramic-mug-set,KB-CRK-001,Royal Heritage Ceramic Mug Set,imageUrl,https://pwdbvmplcftqnrnyizkf.supabase.co/storage/v1/object/public/product-images/temp/main/1784008451616-elegant-ceramic-mugs-with-indian-portraits.png,pwdbvmplcftqnrnyizkf.supabase.co,/storage/v1/object/public/product-images/temp/main/1784008451616-elegant-ceramic-mugs-with-indian-portraits.png,png,true,false,true,200,image/png,1914431,214,1447,1087,"public, max-age=3600",false,false,false,true,true,false,
dbb80cf6-e38a-4e80-86b4-da821407eb22,royal-heritage-ceramic-mug-set,KB-CRK-001,Royal Heritage Ceramic Mug Set,image_url,https://pwdbvmplcftqnrnyizkf.supabase.co/storage/v1/object/public/product-images/temp/main/1784008451616-elegant-ceramic-mugs-with-indian-portraits.png,pwdbvmplcftqnrnyizkf.supabase.co,/storage/v1/object/public/product-images/temp/main/1784008451616-elegant-ceramic-mugs-with-indian-portraits.png,png,true,false,true,200,image/png,1914431,214,1447,1087,"public, max-age=3600",false,false,false,true,true,false,
4a8e8b6c-7928-4c42-8b45-7c4e6c8b74c0,bugatti-la-voiture-noire-3d-shadow-box-frame,KB-IMP-001,Bugatti La Voiture Noire 3D Shadow Box Frame,image,https://pwdbvmplcftqnrnyizkf.supabase.co/storage/v1/object/public/product-images/temp/main/1784007823390-bugatti-la-voiture-noire-poster-display.png,pwdbvmplcftqnrnyizkf.supabase.co,/storage/v1/object/public/product-images/temp/main/1784007823390-bugatti-la-voiture-noire-poster-display.png,png,true,false,true,200,image/png,1824707,255,1086,1448,"public, max-age=3600",false,false,false,true,true,false,
4a8e8b6c-7928-4c42-8b45-7c4e6c8b74c0,bugatti-la-voiture-noire-3d-shadow-box-frame,KB-IMP-001,Bugatti La Voiture Noire 3D Shadow Box Frame,imageUrl,https://pwdbvmplcftqnrnyizkf.supabase.co/storage/v1/object/public/product-images/temp/main/1784007823390-bugatti-la-voiture-noire-poster-display.png,pwdbvmplcftqnrnyizkf.supabase.co,/storage/v1/object/public/product-images/temp/main/1784007823390-bugatti-la-voiture-noire-poster-display.png,png,true,false,true,200,image/png,1824707,255,1086,1448,"public, max-age=3600",false,false,false,true,true,false,
4a8e8b6c-7928-4c42-8b45-7c4e6c8b74c0,bugatti-la-voiture-noire-3d-shadow-box-frame,KB-IMP-001,Bugatti La Voiture Noire 3D Shadow Box Frame,image_url,https://pwdbvmplcftqnrnyizkf.supabase.co/storage/v1/object/public/product-images/temp/main/1784007823390-bugatti-la-voiture-noire-poster-display.png,pwdbvmplcftqnrnyizkf.supabase.co,/storage/v1/object/public/product-images/temp/main/1784007823390-bugatti-la-voiture-noire-poster-display.png,png,true,false,true,200,image/png,1824707,255,1086,1448,"public, max-age=3600",false,false,false,true,true,false,
ae53ce39-8ac3-4344-b55e-071724010d81,premium-lakshmi-charan-pooja-box-gold-finish,KB-GFT-004,Premium Lakshmi Charan Pooja Box – Gold Finish,image,https://pwdbvmplcftqnrnyizkf.supabase.co/storage/v1/object/public/product-images/ae53ce39-8ac3-4344-b55e-071724010d81/gallery/1783674843168-chatgpt-image-jul-10-2026-02-43-38-pm.png,pwdbvmplcftqnrnyizkf.supabase.co,/storage/v1/object/public/product-images/ae53ce39-8ac3-4344-b55e-071724010d81/gallery/1783674843168-chatgpt-image-jul-10-2026-02-43-38-pm.png,png,false,false,true,200,image/png,2269562,246,1086,1449,"public, max-age=3600",false,false,false,true,true,false,
ae53ce39-8ac3-4344-b55e-071724010d81,premium-lakshmi-charan-pooja-box-gold-finish,KB-GFT-004,Premium Lakshmi Charan Pooja Box – Gold Finish,imageUrl,https://pwdbvmplcftqnrnyizkf.supabase.co/storage/v1/object/public/product-images/ae53ce39-8ac3-4344-b55e-071724010d81/gallery/1783674843168-chatgpt-image-jul-10-2026-02-43-38-pm.png,pwdbvmplcftqnrnyizkf.supabase.co,/storage/v1/object/public/product-images/ae53ce39-8ac3-4344-b55e-071724010d81/gallery/1783674843168-chatgpt-image-jul-10-2026-02-43-38-pm.png,png,false,false,true,200,image/png,2269562,246,1086,1449,"public, max-age=3600",false,false,false,true,true,false,
ae53ce39-8ac3-4344-b55e-071724010d81,premium-lakshmi-charan-pooja-box-gold-finish,KB-GFT-004,Premium Lakshmi Charan Pooja Box – Gold Finish,image_url,https://pwdbvmplcftqnrnyizkf.supabase.co/storage/v1/object/public/product-images/ae53ce39-8ac3-4344-b55e-071724010d81/gallery/1783674843168-chatgpt-image-jul-10-2026-02-43-38-pm.png,pwdbvmplcftqnrnyizkf.supabase.co,/storage/v1/object/public/product-images/ae53ce39-8ac3-4344-b55e-071724010d81/gallery/1783674843168-chatgpt-image-jul-10-2026-02-43-38-pm.png,png,false,false,true,200,image/png,2269562,246,1086,1449,"public, max-age=3600",false,false,false,true,true,false,
0e0c829b-1eb9-4ce9-92fa-b1c0dc28d048,premium-white-gold-radha-krishna-idol-with-peacock,KB-GFT-003,Premium White & Gold Radha Krishna Idol with Peacock,image,https://pwdbvmplcftqnrnyizkf.supabase.co/storage/v1/object/public/product-images/temp/main/1783672678048-rk.png,pwdbvmplcftqnrnyizkf.supabase.co,/storage/v1/object/public/product-images/temp/main/1783672678048-rk.png,png,true,false,true,200,image/png,2070753,229,1086,1448,"public, max-age=3600",false,false,false,true,true,false,
0e0c829b-1eb9-4ce9-92fa-b1c0dc28d048,premium-white-gold-radha-krishna-idol-with-peacock,KB-GFT-003,Premium White & Gold Radha Krishna Idol with Peacock,imageUrl,https://pwdbvmplcftqnrnyizkf.supabase.co/storage/v1/object/public/product-images/temp/main/1783672678048-rk.png,pwdbvmplcftqnrnyizkf.supabase.co,/storage/v1/object/public/product-images/temp/main/1783672678048-rk.png,png,true,false,true,200,image/png,2070753,229,1086,1448,"public, max-age=3600",false,false,false,true,true,false,
0e0c829b-1eb9-4ce9-92fa-b1c0dc28d048,premium-white-gold-radha-krishna-idol-with-peacock,KB-GFT-003,Premium White & Gold Radha Krishna Idol with Peacock,image_url,https://pwdbvmplcftqnrnyizkf.supabase.co/storage/v1/object/public/product-images/temp/main/1783672678048-rk.png,pwdbvmplcftqnrnyizkf.supabase.co,/storage/v1/object/public/product-images/temp/main/1783672678048-rk.png,png,true,false,true,200,image/png,2070753,229,1086,1448,"public, max-age=3600",false,false,false,true,true,false,
0d0e3645-581e-41ac-932f-96bbbec5b5db,premium-lord-ganesha-idol-with-acrylic-display-case,KB-GFT-002,Premium Lord Ganesha Idol with Acrylic Display Case,image,https://pwdbvmplcftqnrnyizkf.supabase.co/storage/v1/object/public/product-images/temp/main/1783667813651-ganesh-1-gift.png,pwdbvmplcftqnrnyizkf.supabase.co,/storage/v1/object/public/product-images/temp/main/1783667813651-ganesh-1-gift.png,png,true,false,true,200,image/png,2141735,502,1086,1448,"public, max-age=3600",false,false,false,true,true,false,
0d0e3645-581e-41ac-932f-96bbbec5b5db,premium-lord-ganesha-idol-with-acrylic-display-case,KB-GFT-002,Premium Lord Ganesha Idol with Acrylic Display Case,imageUrl,https://pwdbvmplcftqnrnyizkf.supabase.co/storage/v1/object/public/product-images/temp/main/1783667813651-ganesh-1-gift.png,pwdbvmplcftqnrnyizkf.supabase.co,/storage/v1/object/public/product-images/temp/main/1783667813651-ganesh-1-gift.png,png,true,false,true,200,image/png,2141735,502,1086,1448,"public, max-age=3600",false,false,false,true,true,false,
0d0e3645-581e-41ac-932f-96bbbec5b5db,premium-lord-ganesha-idol-with-acrylic-display-case,KB-GFT-002,Premium Lord Ganesha Idol with Acrylic Display Case,image_url,https://pwdbvmplcftqnrnyizkf.supabase.co/storage/v1/object/public/product-images/temp/main/1783667813651-ganesh-1-gift.png,pwdbvmplcftqnrnyizkf.supabase.co,/storage/v1/object/public/product-images/temp/main/1783667813651-ganesh-1-gift.png,png,true,false,true,200,image/png,2141735,502,1086,1448,"public, max-age=3600",false,false,false,true,true,false,
e8adadea-6b9b-4768-a4c1-7b68fb7fa1a4,handmade-crochet-flower-bouquet,KB-GFT-001,Handmade Crochet Flower Bouquet,image,https://pwdbvmplcftqnrnyizkf.supabase.co/storage/v1/object/public/product-images/e8adadea-6b9b-4768-a4c1-7b68fb7fa1a4/main/1784006032336-gift-1.png,pwdbvmplcftqnrnyizkf.supabase.co,/storage/v1/object/public/product-images/e8adadea-6b9b-4768-a4c1-7b68fb7fa1a4/main/1784006032336-gift-1.png,png,false,false,true,200,image/png,2048299,233,1085,1450,"public, max-age=3600",false,false,false,true,true,false,
e8adadea-6b9b-4768-a4c1-7b68fb7fa1a4,handmade-crochet-flower-bouquet,KB-GFT-001,Handmade Crochet Flower Bouquet,imageUrl,https://pwdbvmplcftqnrnyizkf.supabase.co/storage/v1/object/public/product-images/e8adadea-6b9b-4768-a4c1-7b68fb7fa1a4/main/1784006032336-gift-1.png,pwdbvmplcftqnrnyizkf.supabase.co,/storage/v1/object/public/product-images/e8adadea-6b9b-4768-a4c1-7b68fb7fa1a4/main/1784006032336-gift-1.png,png,false,false,true,200,image/png,2048299,233,1085,1450,"public, max-age=3600",false,false,false,true,true,false,
e8adadea-6b9b-4768-a4c1-7b68fb7fa1a4,handmade-crochet-flower-bouquet,KB-GFT-001,Handmade Crochet Flower Bouquet,image_url,https://pwdbvmplcftqnrnyizkf.supabase.co/storage/v1/object/public/product-images/e8adadea-6b9b-4768-a4c1-7b68fb7fa1a4/main/1784006032336-gift-1.png,pwdbvmplcftqnrnyizkf.supabase.co,/storage/v1/object/public/product-images/e8adadea-6b9b-4768-a4c1-7b68fb7fa1a4/main/1784006032336-gift-1.png,png,false,false,true,200,image/png,2048299,233,1085,1450,"public, max-age=3600",false,false,false,true,true,false,
4d3e2f7c-e7ab-4d9b-978a-df47e9a714e3,divine-rudraksha-white-rakhi,KB-RAK-067,Divine Rudraksha White Rakhi,image,https://pwdbvmplcftqnrnyizkf.supabase.co/storage/v1/object/public/product-images/temp/main/1783663538145-aa-15-rs-45.png,pwdbvmplcftqnrnyizkf.supabase.co,/storage/v1/object/public/product-images/temp/main/1783663538145-aa-15-rs-45.png,png,true,false,true,200,image/png,1926153,223,1086,1448,"public, max-age=3600",false,false,false,true,true,false,
4d3e2f7c-e7ab-4d9b-978a-df47e9a714e3,divine-rudraksha-white-rakhi,KB-RAK-067,Divine Rudraksha White Rakhi,imageUrl,https://pwdbvmplcftqnrnyizkf.supabase.co/storage/v1/object/public/product-images/temp/main/1783663538145-aa-15-rs-45.png,pwdbvmplcftqnrnyizkf.supabase.co,/storage/v1/object/public/product-images/temp/main/1783663538145-aa-15-rs-45.png,png,true,false,true,200,image/png,1926153,223,1086,1448,"public, max-age=3600",false,false,false,true,true,false,
4d3e2f7c-e7ab-4d9b-978a-df47e9a714e3,divine-rudraksha-white-rakhi,KB-RAK-067,Divine Rudraksha White Rakhi,image_url,https://pwdbvmplcftqnrnyizkf.supabase.co/storage/v1/object/public/product-images/temp/main/1783663538145-aa-15-rs-45.png,pwdbvmplcftqnrnyizkf.supabase.co,/storage/v1/object/public/product-images/temp/main/1783663538145-aa-15-rs-45.png,png,true,false,true,200,image/png,1926153,223,1086,1448,"public, max-age=3600",false,false,false,true,true,false,
b4f3c31d-566f-46ae-8ae7-e43f28ba89de,om-charm-rakhi,KB-RAK-066,Om Charm Rakhi,image,https://pwdbvmplcftqnrnyizkf.supabase.co/storage/v1/object/public/product-images/temp/main/1783662402138-aa-14-rs-25.jpg,pwdbvmplcftqnrnyizkf.supabase.co,/storage/v1/object/public/product-images/temp/main/1783662402138-aa-14-rs-25.jpg,jpg,true,false,true,200,image/jpeg,360416,267,1185,1024,"public, max-age=3600",false,false,false,false,false,false,
b4f3c31d-566f-46ae-8ae7-e43f28ba89de,om-charm-rakhi,KB-RAK-066,Om Charm Rakhi,imageUrl,https://pwdbvmplcftqnrnyizkf.supabase.co/storage/v1/object/public/product-images/temp/main/1783662402138-aa-14-rs-25.jpg,pwdbvmplcftqnrnyizkf.supabase.co,/storage/v1/object/public/product-images/temp/main/1783662402138-aa-14-rs-25.jpg,jpg,true,false,true,200,image/jpeg,360416,267,1185,1024,"public, max-age=3600",false,false,false,false,false,false,
b4f3c31d-566f-46ae-8ae7-e43f28ba89de,om-charm-rakhi,KB-RAK-066,Om Charm Rakhi,image_url,https://pwdbvmplcftqnrnyizkf.supabase.co/storage/v1/object/public/product-images/temp/main/1783662402138-aa-14-rs-25.jpg,pwdbvmplcftqnrnyizkf.supabase.co,/storage/v1/object/public/product-images/temp/main/1783662402138-aa-14-rs-25.jpg,jpg,true,false,true,200,image/jpeg,360416,267,1185,1024,"public, max-age=3600",false,false,false,false,false,false,
8f6712fe-15f2-4a97-aa38-7a25f27b99fd,kb-rak-065,KB-RAK-065,Traditional Sukhad Rakhi,image,https://pwdbvmplcftqnrnyizkf.supabase.co/storage/v1/object/public/product-images/temp/main/1783605706957-aa-13-rs-50.png,pwdbvmplcftqnrnyizkf.supabase.co,/storage/v1/object/public/product-images/temp/main/1783605706957-aa-13-rs-50.png,png,true,false,true,200,image/png,2089166,621,1086,1448,"public, max-age=3600",false,false,false,true,true,false,
8f6712fe-15f2-4a97-aa38-7a25f27b99fd,kb-rak-065,KB-RAK-065,Traditional Sukhad Rakhi,imageUrl,https://pwdbvmplcftqnrnyizkf.supabase.co/storage/v1/object/public/product-images/temp/main/1783605706957-aa-13-rs-50.png,pwdbvmplcftqnrnyizkf.supabase.co,/storage/v1/object/public/product-images/temp/main/1783605706957-aa-13-rs-50.png,png,true,false,true,200,image/png,2089166,621,1086,1448,"public, max-age=3600",false,false,false,true,true,false,
8f6712fe-15f2-4a97-aa38-7a25f27b99fd,kb-rak-065,KB-RAK-065,Traditional Sukhad Rakhi,image_url,https://pwdbvmplcftqnrnyizkf.supabase.co/storage/v1/object/public/product-images/temp/main/1783605706957-aa-13-rs-50.png,pwdbvmplcftqnrnyizkf.supabase.co,/storage/v1/object/public/product-images/temp/main/1783605706957-aa-13-rs-50.png,png,true,false,true,200,image/png,2089166,621,1086,1448,"public, max-age=3600",false,false,false,true,true,false,
40848dcd-d5f9-4458-a11f-a0e2e2a92962,traditional-sukhad-rakhi,KB-RAK-064,Traditional Sukhad Rakhi,image,https://pwdbvmplcftqnrnyizkf.supabase.co/storage/v1/object/public/product-images/temp/main/1783603968448-aa-12-rs-50.png,pwdbvmplcftqnrnyizkf.supabase.co,/storage/v1/object/public/product-images/temp/main/1783603968448-aa-12-rs-50.png,png,true,false,true,200,image/png,2233348,250,1086,1448,"public, max-age=3600",false,false,false,true,true,false,
40848dcd-d5f9-4458-a11f-a0e2e2a92962,traditional-sukhad-rakhi,KB-RAK-064,Traditional Sukhad Rakhi,imageUrl,https://pwdbvmplcftqnrnyizkf.supabase.co/storage/v1/object/public/product-images/temp/main/1783603968448-aa-12-rs-50.png,pwdbvmplcftqnrnyizkf.supabase.co,/storage/v1/object/public/product-images/temp/main/1783603968448-aa-12-rs-50.png,png,true,false,true,200,image/png,2233348,250,1086,1448,"public, max-age=3600",false,false,false,true,true,false,
40848dcd-d5f9-4458-a11f-a0e2e2a92962,traditional-sukhad-rakhi,KB-RAK-064,Traditional Sukhad Rakhi,image_url,https://pwdbvmplcftqnrnyizkf.supabase.co/storage/v1/object/public/product-images/temp/main/1783603968448-aa-12-rs-50.png,pwdbvmplcftqnrnyizkf.supabase.co,/storage/v1/object/public/product-images/temp/main/1783603968448-aa-12-rs-50.png,png,true,false,true,200,image/png,2233348,250,1086,1448,"public, max-age=3600",false,false,false,true,true,false,
e6209328-1392-495f-bfb5-2fb44537d2b2,golden-aura-crystal-rakh,KB-RAK-063,Golden Aura Crystal Rakh,image,https://pwdbvmplcftqnrnyizkf.supabase.co/storage/v1/object/public/product-images/temp/main/1783603060201-aa-11-rs-35.png,pwdbvmplcftqnrnyizkf.supabase.co,/storage/v1/object/public/product-images/temp/main/1783603060201-aa-11-rs-35.png,png,true,false,true,200,image/png,2039793,595,1086,1448,"public, max-age=3600",false,false,false,true,true,false,
e6209328-1392-495f-bfb5-2fb44537d2b2,golden-aura-crystal-rakh,KB-RAK-063,Golden Aura Crystal Rakh,imageUrl,https://pwdbvmplcftqnrnyizkf.supabase.co/storage/v1/object/public/product-images/temp/main/1783603060201-aa-11-rs-35.png,pwdbvmplcftqnrnyizkf.supabase.co,/storage/v1/object/public/product-images/temp/main/1783603060201-aa-11-rs-35.png,png,true,false,true,200,image/png,2039793,595,1086,1448,"public, max-age=3600",false,false,false,true,true,false,
e6209328-1392-495f-bfb5-2fb44537d2b2,golden-aura-crystal-rakh,KB-RAK-063,Golden Aura Crystal Rakh,image_url,https://pwdbvmplcftqnrnyizkf.supabase.co/storage/v1/object/public/product-images/temp/main/1783603060201-aa-11-rs-35.png,pwdbvmplcftqnrnyizkf.supabase.co,/storage/v1/object/public/product-images/temp/main/1783603060201-aa-11-rs-35.png,png,true,false,true,200,image/png,2039793,595,1086,1448,"public, max-age=3600",false,false,false,true,true,false,
0965bc46-a5ca-492c-b571-1c9297d5a297,kb-rak-062,KB-RAK-062,Tiger Eye Stone Rakhi,image,https://pwdbvmplcftqnrnyizkf.supabase.co/storage/v1/object/public/product-images/temp/main/1783601932098-aa-10-rs-75.png,pwdbvmplcftqnrnyizkf.supabase.co,/storage/v1/object/public/product-images/temp/main/1783601932098-aa-10-rs-75.png,png,true,false,true,200,image/png,2222485,256,1086,1448,"public, max-age=3600",false,false,false,true,true,false,
0965bc46-a5ca-492c-b571-1c9297d5a297,kb-rak-062,KB-RAK-062,Tiger Eye Stone Rakhi,imageUrl,https://pwdbvmplcftqnrnyizkf.supabase.co/storage/v1/object/public/product-images/temp/main/1783601932098-aa-10-rs-75.png,pwdbvmplcftqnrnyizkf.supabase.co,/storage/v1/object/public/product-images/temp/main/1783601932098-aa-10-rs-75.png,png,true,false,true,200,image/png,2222485,256,1086,1448,"public, max-age=3600",false,false,false,true,true,false,
0965bc46-a5ca-492c-b571-1c9297d5a297,kb-rak-062,KB-RAK-062,Tiger Eye Stone Rakhi,image_url,https://pwdbvmplcftqnrnyizkf.supabase.co/storage/v1/object/public/product-images/temp/main/1783601932098-aa-10-rs-75.png,pwdbvmplcftqnrnyizkf.supabase.co,/storage/v1/object/public/product-images/temp/main/1783601932098-aa-10-rs-75.png,png,true,false,true,200,image/png,2222485,256,1086,1448,"public, max-age=3600",false,false,false,true,true,false,
6ad14939-c031-4bb3-af58-e4f36ab4c795,tiger-eye-stone-rakhi,KB-RAK-061,Tiger Eye Stone Rakhi,image,https://pwdbvmplcftqnrnyizkf.supabase.co/storage/v1/object/public/product-images/temp/main/1783600179610-aa-9-rs-75.png,pwdbvmplcftqnrnyizkf.supabase.co,/storage/v1/object/public/product-images/temp/main/1783600179610-aa-9-rs-75.png,png,true,false,true,200,image/png,1795133,242,1086,1449,"public, max-age=3600",false,false,false,true,true,false,
6ad14939-c031-4bb3-af58-e4f36ab4c795,tiger-eye-stone-rakhi,KB-RAK-061,Tiger Eye Stone Rakhi,imageUrl,https://pwdbvmplcftqnrnyizkf.supabase.co/storage/v1/object/public/product-images/temp/main/1783600179610-aa-9-rs-75.png,pwdbvmplcftqnrnyizkf.supabase.co,/storage/v1/object/public/product-images/temp/main/1783600179610-aa-9-rs-75.png,png,true,false,true,200,image/png,1795133,242,1086,1449,"public, max-age=3600",false,false,false,true,true,false,
6ad14939-c031-4bb3-af58-e4f36ab4c795,tiger-eye-stone-rakhi,KB-RAK-061,Tiger Eye Stone Rakhi,image_url,https://pwdbvmplcftqnrnyizkf.supabase.co/storage/v1/object/public/product-images/temp/main/1783600179610-aa-9-rs-75.png,pwdbvmplcftqnrnyizkf.supabase.co,/storage/v1/object/public/product-images/temp/main/1783600179610-aa-9-rs-75.png,png,true,false,true,200,image/png,1795133,242,1086,1449,"public, max-age=3600",false,false,false,true,true,false,
36665a77-2206-4f37-91d2-df0948534140,kb-rak-060,KB-RAK-060,Pastel Rudraksha Rakhi,image,https://pwdbvmplcftqnrnyizkf.supabase.co/storage/v1/object/public/product-images/temp/main/1783598928873-aa-8-rs-15.png,pwdbvmplcftqnrnyizkf.supabase.co,/storage/v1/object/public/product-images/temp/main/1783598928873-aa-8-rs-15.png,png,true,false,true,200,image/png,1643256,276,1086,1448,"public, max-age=3600",false,false,false,true,true,false,
36665a77-2206-4f37-91d2-df0948534140,kb-rak-060,KB-RAK-060,Pastel Rudraksha Rakhi,imageUrl,https://pwdbvmplcftqnrnyizkf.supabase.co/storage/v1/object/public/product-images/temp/main/1783598928873-aa-8-rs-15.png,pwdbvmplcftqnrnyizkf.supabase.co,/storage/v1/object/public/product-images/temp/main/1783598928873-aa-8-rs-15.png,png,true,false,true,200,image/png,1643256,276,1086,1448,"public, max-age=3600",false,false,false,true,true,false,
36665a77-2206-4f37-91d2-df0948534140,kb-rak-060,KB-RAK-060,Pastel Rudraksha Rakhi,image_url,https://pwdbvmplcftqnrnyizkf.supabase.co/storage/v1/object/public/product-images/temp/main/1783598928873-aa-8-rs-15.png,pwdbvmplcftqnrnyizkf.supabase.co,/storage/v1/object/public/product-images/temp/main/1783598928873-aa-8-rs-15.png,png,true,false,true,200,image/png,1643256,276,1086,1448,"public, max-age=3600",false,false,false,true,true,false,
d60e370b-1a2b-4c50-9bd8-bdd5c365ce0f,pastel-rudraksha-rakhi,KB-RAK-059,Pastel Rudraksha Rakhi,image,https://pwdbvmplcftqnrnyizkf.supabase.co/storage/v1/object/public/product-images/temp/main/1783596571752-aa-7-rs-15.png,pwdbvmplcftqnrnyizkf.supabase.co,/storage/v1/object/public/product-images/temp/main/1783596571752-aa-7-rs-15.png,png,true,false,true,200,image/png,2770786,226,1086,1448,"public, max-age=3600",false,false,false,true,true,false,
d60e370b-1a2b-4c50-9bd8-bdd5c365ce0f,pastel-rudraksha-rakhi,KB-RAK-059,Pastel Rudraksha Rakhi,imageUrl,https://pwdbvmplcftqnrnyizkf.supabase.co/storage/v1/object/public/product-images/temp/main/1783596571752-aa-7-rs-15.png,pwdbvmplcftqnrnyizkf.supabase.co,/storage/v1/object/public/product-images/temp/main/1783596571752-aa-7-rs-15.png,png,true,false,true,200,image/png,2770786,226,1086,1448,"public, max-age=3600",false,false,false,true,true,false,
d60e370b-1a2b-4c50-9bd8-bdd5c365ce0f,pastel-rudraksha-rakhi,KB-RAK-059,Pastel Rudraksha Rakhi,image_url,https://pwdbvmplcftqnrnyizkf.supabase.co/storage/v1/object/public/product-images/temp/main/1783596571752-aa-7-rs-15.png,pwdbvmplcftqnrnyizkf.supabase.co,/storage/v1/object/public/product-images/temp/main/1783596571752-aa-7-rs-15.png,png,true,false,true,200,image/png,2770786,226,1086,1448,"public, max-age=3600",false,false,false,true,true,false,
738ab1a3-47b3-4330-943c-fdfc7425fe5b,classic-multicolor-thread-rakhi,KB-RAK-058,Classic Multicolor Thread Rakhi,image,https://pwdbvmplcftqnrnyizkf.supabase.co/storage/v1/object/public/product-images/temp/main/1783594131048-aa-6-rs-30.png,pwdbvmplcftqnrnyizkf.supabase.co,/storage/v1/object/public/product-images/temp/main/1783594131048-aa-6-rs-30.png,png,true,false,true,200,image/png,2658293,230,1086,1448,"public, max-age=3600",false,false,false,true,true,false,
738ab1a3-47b3-4330-943c-fdfc7425fe5b,classic-multicolor-thread-rakhi,KB-RAK-058,Classic Multicolor Thread Rakhi,imageUrl,https://pwdbvmplcftqnrnyizkf.supabase.co/storage/v1/object/public/product-images/temp/main/1783594131048-aa-6-rs-30.png,pwdbvmplcftqnrnyizkf.supabase.co,/storage/v1/object/public/product-images/temp/main/1783594131048-aa-6-rs-30.png,png,true,false,true,200,image/png,2658293,230,1086,1448,"public, max-age=3600",false,false,false,true,true,false,
738ab1a3-47b3-4330-943c-fdfc7425fe5b,classic-multicolor-thread-rakhi,KB-RAK-058,Classic Multicolor Thread Rakhi,image_url,https://pwdbvmplcftqnrnyizkf.supabase.co/storage/v1/object/public/product-images/temp/main/1783594131048-aa-6-rs-30.png,pwdbvmplcftqnrnyizkf.supabase.co,/storage/v1/object/public/product-images/temp/main/1783594131048-aa-6-rs-30.png,png,true,false,true,200,image/png,2658293,230,1086,1448,"public, max-age=3600",false,false,false,true,true,false,
5e026602-1d2d-401e-9d8c-e1c246606952,royal-blue-floral-designer-rakhi,KB-RAK-057,Royal Blue Floral Designer Rakhi,image,https://pwdbvmplcftqnrnyizkf.supabase.co/storage/v1/object/public/product-images/temp/main/1783592952115-aa-5-rs-90.png,pwdbvmplcftqnrnyizkf.supabase.co,/storage/v1/object/public/product-images/temp/main/1783592952115-aa-5-rs-90.png,png,true,false,true,200,image/png,2725052,221,1086,1448,"public, max-age=3600",false,false,false,true,true,false,
5e026602-1d2d-401e-9d8c-e1c246606952,royal-blue-floral-designer-rakhi,KB-RAK-057,Royal Blue Floral Designer Rakhi,imageUrl,https://pwdbvmplcftqnrnyizkf.supabase.co/storage/v1/object/public/product-images/temp/main/1783592952115-aa-5-rs-90.png,pwdbvmplcftqnrnyizkf.supabase.co,/storage/v1/object/public/product-images/temp/main/1783592952115-aa-5-rs-90.png,png,true,false,true,200,image/png,2725052,221,1086,1448,"public, max-age=3600",false,false,false,true,true,false,
5e026602-1d2d-401e-9d8c-e1c246606952,royal-blue-floral-designer-rakhi,KB-RAK-057,Royal Blue Floral Designer Rakhi,image_url,https://pwdbvmplcftqnrnyizkf.supabase.co/storage/v1/object/public/product-images/temp/main/1783592952115-aa-5-rs-90.png,pwdbvmplcftqnrnyizkf.supabase.co,/storage/v1/object/public/product-images/temp/main/1783592952115-aa-5-rs-90.png,png,true,false,true,200,image/png,2725052,221,1086,1448,"public, max-age=3600",false,false,false,true,true,false,
f3f0504e-fc71-400d-8378-6a8f1c1ec52a,traditional-multicolor-designer-rakhi,KB-RAK-056,Traditional Multicolor Designer Rakhi,image,https://pwdbvmplcftqnrnyizkf.supabase.co/storage/v1/object/public/product-images/temp/main/1783592501712-aa-4-rs-70.png,pwdbvmplcftqnrnyizkf.supabase.co,/storage/v1/object/public/product-images/temp/main/1783592501712-aa-4-rs-70.png,png,true,false,true,200,image/png,2823416,245,1086,1448,"public, max-age=3600",false,false,false,true,true,false,
f3f0504e-fc71-400d-8378-6a8f1c1ec52a,traditional-multicolor-designer-rakhi,KB-RAK-056,Traditional Multicolor Designer Rakhi,imageUrl,https://pwdbvmplcftqnrnyizkf.supabase.co/storage/v1/object/public/product-images/temp/main/1783592501712-aa-4-rs-70.png,pwdbvmplcftqnrnyizkf.supabase.co,/storage/v1/object/public/product-images/temp/main/1783592501712-aa-4-rs-70.png,png,true,false,true,200,image/png,2823416,245,1086,1448,"public, max-age=3600",false,false,false,true,true,false,
f3f0504e-fc71-400d-8378-6a8f1c1ec52a,traditional-multicolor-designer-rakhi,KB-RAK-056,Traditional Multicolor Designer Rakhi,image_url,https://pwdbvmplcftqnrnyizkf.supabase.co/storage/v1/object/public/product-images/temp/main/1783592501712-aa-4-rs-70.png,pwdbvmplcftqnrnyizkf.supabase.co,/storage/v1/object/public/product-images/temp/main/1783592501712-aa-4-rs-70.png,png,true,false,true,200,image/png,2823416,245,1086,1448,"public, max-age=3600",false,false,false,true,true,false,
fa3cbd0a-1974-4c13-a1e2-fcff82398c96,sacred-rudraksha-rakhi,KB-RAK-055,Sacred Rudraksha Rakhi,image,https://pwdbvmplcftqnrnyizkf.supabase.co/storage/v1/object/public/product-images/temp/main/1783592244088-aa-3-25.png,pwdbvmplcftqnrnyizkf.supabase.co,/storage/v1/object/public/product-images/temp/main/1783592244088-aa-3-25.png,png,true,false,true,200,image/png,2696028,520,1086,1448,"public, max-age=3600",false,false,false,true,true,false,
fa3cbd0a-1974-4c13-a1e2-fcff82398c96,sacred-rudraksha-rakhi,KB-RAK-055,Sacred Rudraksha Rakhi,imageUrl,https://pwdbvmplcftqnrnyizkf.supabase.co/storage/v1/object/public/product-images/temp/main/1783592244088-aa-3-25.png,pwdbvmplcftqnrnyizkf.supabase.co,/storage/v1/object/public/product-images/temp/main/1783592244088-aa-3-25.png,png,true,false,true,200,image/png,2696028,520,1086,1448,"public, max-age=3600",false,false,false,true,true,false,
fa3cbd0a-1974-4c13-a1e2-fcff82398c96,sacred-rudraksha-rakhi,KB-RAK-055,Sacred Rudraksha Rakhi,image_url,https://pwdbvmplcftqnrnyizkf.supabase.co/storage/v1/object/public/product-images/temp/main/1783592244088-aa-3-25.png,pwdbvmplcftqnrnyizkf.supabase.co,/storage/v1/object/public/product-images/temp/main/1783592244088-aa-3-25.png,png,true,false,true,200,image/png,2696028,520,1086,1448,"public, max-age=3600",false,false,false,true,true,false,
5ad3fd3f-4cf5-40e7-b32e-1d05193437c3,traditional-multicolor-beaded-rakhi,KB-RAK-054,Traditional Multicolor Beaded Rakhi,image,https://pwdbvmplcftqnrnyizkf.supabase.co/storage/v1/object/public/product-images/temp/main/1783591364447-aa-f-1-mrp-90.png,pwdbvmplcftqnrnyizkf.supabase.co,/storage/v1/object/public/product-images/temp/main/1783591364447-aa-f-1-mrp-90.png,png,true,false,true,200,image/png,2629857,232,1086,1448,"public, max-age=3600",false,false,false,true,true,false,
5ad3fd3f-4cf5-40e7-b32e-1d05193437c3,traditional-multicolor-beaded-rakhi,KB-RAK-054,Traditional Multicolor Beaded Rakhi,imageUrl,https://pwdbvmplcftqnrnyizkf.supabase.co/storage/v1/object/public/product-images/temp/main/1783591364447-aa-f-1-mrp-90.png,pwdbvmplcftqnrnyizkf.supabase.co,/storage/v1/object/public/product-images/temp/main/1783591364447-aa-f-1-mrp-90.png,png,true,false,true,200,image/png,2629857,232,1086,1448,"public, max-age=3600",false,false,false,true,true,false,
5ad3fd3f-4cf5-40e7-b32e-1d05193437c3,traditional-multicolor-beaded-rakhi,KB-RAK-054,Traditional Multicolor Beaded Rakhi,image_url,https://pwdbvmplcftqnrnyizkf.supabase.co/storage/v1/object/public/product-images/temp/main/1783591364447-aa-f-1-mrp-90.png,pwdbvmplcftqnrnyizkf.supabase.co,/storage/v1/object/public/product-images/temp/main/1783591364447-aa-f-1-mrp-90.png,png,true,false,true,200,image/png,2629857,232,1086,1448,"public, max-age=3600",false,false,false,true,true,false,
445d5864-4fda-444a-9823-9baeb90a9dfb,ivory-scarf-handle-designer-handbag,KB-HBG-005,Ivory Scarf Handle Designer Handbag,image,https://pwdbvmplcftqnrnyizkf.supabase.co/storage/v1/object/public/product-images/temp/main/1783522625744-purse-5.png,pwdbvmplcftqnrnyizkf.supabase.co,/storage/v1/object/public/product-images/temp/main/1783522625744-purse-5.png,png,true,false,true,200,image/png,2088538,235,1086,1448,"public, max-age=3600",false,false,false,true,true,false,
445d5864-4fda-444a-9823-9baeb90a9dfb,ivory-scarf-handle-designer-handbag,KB-HBG-005,Ivory Scarf Handle Designer Handbag,imageUrl,https://pwdbvmplcftqnrnyizkf.supabase.co/storage/v1/object/public/product-images/temp/main/1783522625744-purse-5.png,pwdbvmplcftqnrnyizkf.supabase.co,/storage/v1/object/public/product-images/temp/main/1783522625744-purse-5.png,png,true,false,true,200,image/png,2088538,235,1086,1448,"public, max-age=3600",false,false,false,true,true,false,
445d5864-4fda-444a-9823-9baeb90a9dfb,ivory-scarf-handle-designer-handbag,KB-HBG-005,Ivory Scarf Handle Designer Handbag,image_url,https://pwdbvmplcftqnrnyizkf.supabase.co/storage/v1/object/public/product-images/temp/main/1783522625744-purse-5.png,pwdbvmplcftqnrnyizkf.supabase.co,/storage/v1/object/public/product-images/temp/main/1783522625744-purse-5.png,png,true,false,true,200,image/png,2088538,235,1086,1448,"public, max-age=3600",false,false,false,true,true,false,
51b2c338-5ed3-449f-a182-8d94f03954f7,classic-black-leather-handbag,,Classic Black Leather Handbag,image,https://pwdbvmplcftqnrnyizkf.supabase.co/storage/v1/object/public/product-images/temp/main/1783522501941-purse-4.png,pwdbvmplcftqnrnyizkf.supabase.co,/storage/v1/object/public/product-images/temp/main/1783522501941-purse-4.png,png,true,false,true,200,image/png,2260006,231,1086,1448,"public, max-age=3600",false,false,false,true,true,false,
51b2c338-5ed3-449f-a182-8d94f03954f7,classic-black-leather-handbag,,Classic Black Leather Handbag,imageUrl,https://pwdbvmplcftqnrnyizkf.supabase.co/storage/v1/object/public/product-images/temp/main/1783522501941-purse-4.png,pwdbvmplcftqnrnyizkf.supabase.co,/storage/v1/object/public/product-images/temp/main/1783522501941-purse-4.png,png,true,false,true,200,image/png,2260006,231,1086,1448,"public, max-age=3600",false,false,false,true,true,false,
51b2c338-5ed3-449f-a182-8d94f03954f7,classic-black-leather-handbag,,Classic Black Leather Handbag,image_url,https://pwdbvmplcftqnrnyizkf.supabase.co/storage/v1/object/public/product-images/temp/main/1783522501941-purse-4.png,pwdbvmplcftqnrnyizkf.supabase.co,/storage/v1/object/public/product-images/temp/main/1783522501941-purse-4.png,png,true,false,true,200,image/png,2260006,231,1086,1448,"public, max-age=3600",false,false,false,true,true,false,
373a4986-d17d-4399-b3b9-b78339a90785,quilted-beige-tote-handbag,KB-HBG-004,Quilted Beige Tote Handbag,image,https://pwdbvmplcftqnrnyizkf.supabase.co/storage/v1/object/public/product-images/temp/main/1783522371995-purse-3.png,pwdbvmplcftqnrnyizkf.supabase.co,/storage/v1/object/public/product-images/temp/main/1783522371995-purse-3.png,png,true,false,true,200,image/png,1844673,525,1086,1448,"public, max-age=3600",false,false,false,true,true,false,
373a4986-d17d-4399-b3b9-b78339a90785,quilted-beige-tote-handbag,KB-HBG-004,Quilted Beige Tote Handbag,imageUrl,https://pwdbvmplcftqnrnyizkf.supabase.co/storage/v1/object/public/product-images/temp/main/1783522371995-purse-3.png,pwdbvmplcftqnrnyizkf.supabase.co,/storage/v1/object/public/product-images/temp/main/1783522371995-purse-3.png,png,true,false,true,200,image/png,1844673,525,1086,1448,"public, max-age=3600",false,false,false,true,true,false,
373a4986-d17d-4399-b3b9-b78339a90785,quilted-beige-tote-handbag,KB-HBG-004,Quilted Beige Tote Handbag,image_url,https://pwdbvmplcftqnrnyizkf.supabase.co/storage/v1/object/public/product-images/temp/main/1783522371995-purse-3.png,pwdbvmplcftqnrnyizkf.supabase.co,/storage/v1/object/public/product-images/temp/main/1783522371995-purse-3.png,png,true,false,true,200,image/png,1844673,525,1086,1448,"public, max-age=3600",false,false,false,true,true,false,
b1c0825a-48bb-4e1c-bfc1-c2d7c66b8fc1,ivory-white-elegant-handbag,KB-HBG-003,Ivory White Elegant Handbag,image,https://pwdbvmplcftqnrnyizkf.supabase.co/storage/v1/object/public/product-images/temp/main/1783522126609-purse-2.png,pwdbvmplcftqnrnyizkf.supabase.co,/storage/v1/object/public/product-images/temp/main/1783522126609-purse-2.png,png,true,false,true,200,image/png,2171864,494,1122,1402,"public, max-age=3600",false,false,false,true,true,false,
b1c0825a-48bb-4e1c-bfc1-c2d7c66b8fc1,ivory-white-elegant-handbag,KB-HBG-003,Ivory White Elegant Handbag,imageUrl,https://pwdbvmplcftqnrnyizkf.supabase.co/storage/v1/object/public/product-images/temp/main/1783522126609-purse-2.png,pwdbvmplcftqnrnyizkf.supabase.co,/storage/v1/object/public/product-images/temp/main/1783522126609-purse-2.png,png,true,false,true,200,image/png,2171864,494,1122,1402,"public, max-age=3600",false,false,false,true,true,false,
b1c0825a-48bb-4e1c-bfc1-c2d7c66b8fc1,ivory-white-elegant-handbag,KB-HBG-003,Ivory White Elegant Handbag,image_url,https://pwdbvmplcftqnrnyizkf.supabase.co/storage/v1/object/public/product-images/temp/main/1783522126609-purse-2.png,pwdbvmplcftqnrnyizkf.supabase.co,/storage/v1/object/public/product-images/temp/main/1783522126609-purse-2.png,png,true,false,true,200,image/png,2171864,494,1122,1402,"public, max-age=3600",false,false,false,true,true,false,
70f1f24e-907a-44ce-b11b-4ffccebf0cd3,classic-beige-premium-handbag,KB-HBG-002,Classic Beige Premium Handbag,image,https://pwdbvmplcftqnrnyizkf.supabase.co/storage/v1/object/public/product-images/temp/main/1783521577419-purse-1.png,pwdbvmplcftqnrnyizkf.supabase.co,/storage/v1/object/public/product-images/temp/main/1783521577419-purse-1.png,png,true,false,true,200,image/png,2251384,287,1122,1402,"public, max-age=3600",false,false,false,true,true,false,
70f1f24e-907a-44ce-b11b-4ffccebf0cd3,classic-beige-premium-handbag,KB-HBG-002,Classic Beige Premium Handbag,imageUrl,https://pwdbvmplcftqnrnyizkf.supabase.co/storage/v1/object/public/product-images/temp/main/1783521577419-purse-1.png,pwdbvmplcftqnrnyizkf.supabase.co,/storage/v1/object/public/product-images/temp/main/1783521577419-purse-1.png,png,true,false,true,200,image/png,2251384,287,1122,1402,"public, max-age=3600",false,false,false,true,true,false,
70f1f24e-907a-44ce-b11b-4ffccebf0cd3,classic-beige-premium-handbag,KB-HBG-002,Classic Beige Premium Handbag,image_url,https://pwdbvmplcftqnrnyizkf.supabase.co/storage/v1/object/public/product-images/temp/main/1783521577419-purse-1.png,pwdbvmplcftqnrnyizkf.supabase.co,/storage/v1/object/public/product-images/temp/main/1783521577419-purse-1.png,png,true,false,true,200,image/png,2251384,287,1122,1402,"public, max-age=3600",false,false,false,true,true,false,
75284980-4012-414a-afc1-0a2410f3847b,ruby-crystal-designer-necklace-set,KB-JWL-015,Ruby Crystal Designer Necklace Set,image,https://pwdbvmplcftqnrnyizkf.supabase.co/storage/v1/object/public/product-images/temp/main/1783521152744-ad-silver-mrp-1695.png,pwdbvmplcftqnrnyizkf.supabase.co,/storage/v1/object/public/product-images/temp/main/1783521152744-ad-silver-mrp-1695.png,png,true,false,true,200,image/png,2428731,507,1086,1448,"public, max-age=3600",false,false,false,true,true,false,
75284980-4012-414a-afc1-0a2410f3847b,ruby-crystal-designer-necklace-set,KB-JWL-015,Ruby Crystal Designer Necklace Set,imageUrl,https://pwdbvmplcftqnrnyizkf.supabase.co/storage/v1/object/public/product-images/temp/main/1783521152744-ad-silver-mrp-1695.png,pwdbvmplcftqnrnyizkf.supabase.co,/storage/v1/object/public/product-images/temp/main/1783521152744-ad-silver-mrp-1695.png,png,true,false,true,200,image/png,2428731,507,1086,1448,"public, max-age=3600",false,false,false,true,true,false,
75284980-4012-414a-afc1-0a2410f3847b,ruby-crystal-designer-necklace-set,KB-JWL-015,Ruby Crystal Designer Necklace Set,image_url,https://pwdbvmplcftqnrnyizkf.supabase.co/storage/v1/object/public/product-images/temp/main/1783521152744-ad-silver-mrp-1695.png,pwdbvmplcftqnrnyizkf.supabase.co,/storage/v1/object/public/product-images/temp/main/1783521152744-ad-silver-mrp-1695.png,png,true,false,true,200,image/png,2428731,507,1086,1448,"public, max-age=3600",false,false,false,true,true,false,
272bd0dd-a9d6-45e1-b8ff-240a63929762,diamond-look-crystal-choker-set,KB-JWL-014,Diamond Look Crystal Choker Set,image,https://pwdbvmplcftqnrnyizkf.supabase.co/storage/v1/object/public/product-images/temp/main/1783520933364-ad-set-mrp-4595.png,pwdbvmplcftqnrnyizkf.supabase.co,/storage/v1/object/public/product-images/temp/main/1783520933364-ad-set-mrp-4595.png,png,true,false,true,200,image/png,2454006,228,1086,1448,"public, max-age=3600",false,false,false,true,true,false,
272bd0dd-a9d6-45e1-b8ff-240a63929762,diamond-look-crystal-choker-set,KB-JWL-014,Diamond Look Crystal Choker Set,imageUrl,https://pwdbvmplcftqnrnyizkf.supabase.co/storage/v1/object/public/product-images/temp/main/1783520933364-ad-set-mrp-4595.png,pwdbvmplcftqnrnyizkf.supabase.co,/storage/v1/object/public/product-images/temp/main/1783520933364-ad-set-mrp-4595.png,png,true,false,true,200,image/png,2454006,228,1086,1448,"public, max-age=3600",false,false,false,true,true,false,
272bd0dd-a9d6-45e1-b8ff-240a63929762,diamond-look-crystal-choker-set,KB-JWL-014,Diamond Look Crystal Choker Set,image_url,https://pwdbvmplcftqnrnyizkf.supabase.co/storage/v1/object/public/product-images/temp/main/1783520933364-ad-set-mrp-4595.png,pwdbvmplcftqnrnyizkf.supabase.co,/storage/v1/object/public/product-images/temp/main/1783520933364-ad-set-mrp-4595.png,png,true,false,true,200,image/png,2454006,228,1086,1448,"public, max-age=3600",false,false,false,true,true,false,
8574b3d0-1dce-4a64-bc35-f5a5dffbe4df,emerald-floral-designer-necklace-set,,Emerald Floral Designer Necklace Set,image,https://pwdbvmplcftqnrnyizkf.supabase.co/storage/v1/object/public/product-images/temp/main/1783514180589-ad-set-mrp-1445.png,pwdbvmplcftqnrnyizkf.supabase.co,/storage/v1/object/public/product-images/temp/main/1783514180589-ad-set-mrp-1445.png,png,true,false,true,200,image/png,2577570,226,1086,1448,"public, max-age=3600",false,false,false,true,true,false,
8574b3d0-1dce-4a64-bc35-f5a5dffbe4df,emerald-floral-designer-necklace-set,,Emerald Floral Designer Necklace Set,imageUrl,https://pwdbvmplcftqnrnyizkf.supabase.co/storage/v1/object/public/product-images/temp/main/1783514180589-ad-set-mrp-1445.png,pwdbvmplcftqnrnyizkf.supabase.co,/storage/v1/object/public/product-images/temp/main/1783514180589-ad-set-mrp-1445.png,png,true,false,true,200,image/png,2577570,226,1086,1448,"public, max-age=3600",false,false,false,true,true,false,
8574b3d0-1dce-4a64-bc35-f5a5dffbe4df,emerald-floral-designer-necklace-set,,Emerald Floral Designer Necklace Set,image_url,https://pwdbvmplcftqnrnyizkf.supabase.co/storage/v1/object/public/product-images/temp/main/1783514180589-ad-set-mrp-1445.png,pwdbvmplcftqnrnyizkf.supabase.co,/storage/v1/object/public/product-images/temp/main/1783514180589-ad-set-mrp-1445.png,png,true,false,true,200,image/png,2577570,226,1086,1448,"public, max-age=3600",false,false,false,true,true,false,
55cdaaa5-13c2-4930-bb17-d9b71745671c,emerald-crystal-necklace-set,KB-JWL-013,Emerald Crystal Necklace Set,image,https://pwdbvmplcftqnrnyizkf.supabase.co/storage/v1/object/public/product-images/temp/main/1783513672257-ad-mrp-995.png,pwdbvmplcftqnrnyizkf.supabase.co,/storage/v1/object/public/product-images/temp/main/1783513672257-ad-mrp-995.png,png,true,false,true,200,image/png,2249061,216,1086,1448,"public, max-age=3600",false,false,false,true,true,false,
55cdaaa5-13c2-4930-bb17-d9b71745671c,emerald-crystal-necklace-set,KB-JWL-013,Emerald Crystal Necklace Set,imageUrl,https://pwdbvmplcftqnrnyizkf.supabase.co/storage/v1/object/public/product-images/temp/main/1783513672257-ad-mrp-995.png,pwdbvmplcftqnrnyizkf.supabase.co,/storage/v1/object/public/product-images/temp/main/1783513672257-ad-mrp-995.png,png,true,false,true,200,image/png,2249061,216,1086,1448,"public, max-age=3600",false,false,false,true,true,false,
55cdaaa5-13c2-4930-bb17-d9b71745671c,emerald-crystal-necklace-set,KB-JWL-013,Emerald Crystal Necklace Set,image_url,https://pwdbvmplcftqnrnyizkf.supabase.co/storage/v1/object/public/product-images/temp/main/1783513672257-ad-mrp-995.png,pwdbvmplcftqnrnyizkf.supabase.co,/storage/v1/object/public/product-images/temp/main/1783513672257-ad-mrp-995.png,png,true,false,true,200,image/png,2249061,216,1086,1448,"public, max-age=3600",false,false,false,true,true,false,
9d270722-3fa6-457d-be6c-cdc448d908a4,royal-antique-pearl-necklace-set,KB-JWL-012,Royal Antique Pearl Necklace Set,image,https://pwdbvmplcftqnrnyizkf.supabase.co/storage/v1/object/public/product-images/temp/main/1783513361107-ad-log-set-mrp-2495.png,pwdbvmplcftqnrnyizkf.supabase.co,/storage/v1/object/public/product-images/temp/main/1783513361107-ad-log-set-mrp-2495.png,png,true,false,true,200,image/png,2501193,410,1086,1448,"public, max-age=3600",false,false,false,true,true,false,
9d270722-3fa6-457d-be6c-cdc448d908a4,royal-antique-pearl-necklace-set,KB-JWL-012,Royal Antique Pearl Necklace Set,imageUrl,https://pwdbvmplcftqnrnyizkf.supabase.co/storage/v1/object/public/product-images/temp/main/1783513361107-ad-log-set-mrp-2495.png,pwdbvmplcftqnrnyizkf.supabase.co,/storage/v1/object/public/product-images/temp/main/1783513361107-ad-log-set-mrp-2495.png,png,true,false,true,200,image/png,2501193,410,1086,1448,"public, max-age=3600",false,false,false,true,true,false,
9d270722-3fa6-457d-be6c-cdc448d908a4,royal-antique-pearl-necklace-set,KB-JWL-012,Royal Antique Pearl Necklace Set,image_url,https://pwdbvmplcftqnrnyizkf.supabase.co/storage/v1/object/public/product-images/temp/main/1783513361107-ad-log-set-mrp-2495.png,pwdbvmplcftqnrnyizkf.supabase.co,/storage/v1/object/public/product-images/temp/main/1783513361107-ad-log-set-mrp-2495.png,png,true,false,true,200,image/png,2501193,410,1086,1448,"public, max-age=3600",false,false,false,true,true,false,
c21ab3a5-0405-454b-a91d-473a54011d83,royal-kashmiri-bell-jhumka-earrings,KB-JWL-011,Royal Kashmiri Bell Jhumka Earrings,image,https://pwdbvmplcftqnrnyizkf.supabase.co/storage/v1/object/public/product-images/temp/main/1783513107508-kashmiri-earrings-mrp-375.png,pwdbvmplcftqnrnyizkf.supabase.co,/storage/v1/object/public/product-images/temp/main/1783513107508-kashmiri-earrings-mrp-375.png,png,true,false,true,200,image/png,2041455,286,1086,1448,"public, max-age=3600",false,false,false,true,true,false,
c21ab3a5-0405-454b-a91d-473a54011d83,royal-kashmiri-bell-jhumka-earrings,KB-JWL-011,Royal Kashmiri Bell Jhumka Earrings,imageUrl,https://pwdbvmplcftqnrnyizkf.supabase.co/storage/v1/object/public/product-images/temp/main/1783513107508-kashmiri-earrings-mrp-375.png,pwdbvmplcftqnrnyizkf.supabase.co,/storage/v1/object/public/product-images/temp/main/1783513107508-kashmiri-earrings-mrp-375.png,png,true,false,true,200,image/png,2041455,286,1086,1448,"public, max-age=3600",false,false,false,true,true,false,
c21ab3a5-0405-454b-a91d-473a54011d83,royal-kashmiri-bell-jhumka-earrings,KB-JWL-011,Royal Kashmiri Bell Jhumka Earrings,image_url,https://pwdbvmplcftqnrnyizkf.supabase.co/storage/v1/object/public/product-images/temp/main/1783513107508-kashmiri-earrings-mrp-375.png,pwdbvmplcftqnrnyizkf.supabase.co,/storage/v1/object/public/product-images/temp/main/1783513107508-kashmiri-earrings-mrp-375.png,png,true,false,true,200,image/png,2041455,286,1086,1448,"public, max-age=3600",false,false,false,true,true,false,
1ce323a3-2067-48a0-8380-2f02189f6eb4,golden-crystal-tassel-drop-earrings,KB-JWL-010,Golden Crystal Tassel Drop Earrings,image,https://pwdbvmplcftqnrnyizkf.supabase.co/storage/v1/object/public/product-images/temp/main/1783512929976-kashmir-earings-mrp-225.png,pwdbvmplcftqnrnyizkf.supabase.co,/storage/v1/object/public/product-images/temp/main/1783512929976-kashmir-earings-mrp-225.png,png,true,false,true,200,image/png,2335440,228,1086,1448,"public, max-age=3600",false,false,false,true,true,false,
1ce323a3-2067-48a0-8380-2f02189f6eb4,golden-crystal-tassel-drop-earrings,KB-JWL-010,Golden Crystal Tassel Drop Earrings,imageUrl,https://pwdbvmplcftqnrnyizkf.supabase.co/storage/v1/object/public/product-images/temp/main/1783512929976-kashmir-earings-mrp-225.png,pwdbvmplcftqnrnyizkf.supabase.co,/storage/v1/object/public/product-images/temp/main/1783512929976-kashmir-earings-mrp-225.png,png,true,false,true,200,image/png,2335440,228,1086,1448,"public, max-age=3600",false,false,false,true,true,false,
1ce323a3-2067-48a0-8380-2f02189f6eb4,golden-crystal-tassel-drop-earrings,KB-JWL-010,Golden Crystal Tassel Drop Earrings,image_url,https://pwdbvmplcftqnrnyizkf.supabase.co/storage/v1/object/public/product-images/temp/main/1783512929976-kashmir-earings-mrp-225.png,pwdbvmplcftqnrnyizkf.supabase.co,/storage/v1/object/public/product-images/temp/main/1783512929976-kashmir-earings-mrp-225.png,png,true,false,true,200,image/png,2335440,228,1086,1448,"public, max-age=3600",false,false,false,true,true,false,
1287e3ca-7bdb-45ef-acd3-44d48b08d35b,midnight-beaded-hoop-earrings,KB-JWL-009,Midnight Beaded Hoop Earrings,image,https://pwdbvmplcftqnrnyizkf.supabase.co/storage/v1/object/public/product-images/temp/main/1783512828754-earrings-mrp-120.png,pwdbvmplcftqnrnyizkf.supabase.co,/storage/v1/object/public/product-images/temp/main/1783512828754-earrings-mrp-120.png,png,true,false,true,200,image/png,2112076,538,1086,1448,"public, max-age=3600",false,false,false,true,true,false,
1287e3ca-7bdb-45ef-acd3-44d48b08d35b,midnight-beaded-hoop-earrings,KB-JWL-009,Midnight Beaded Hoop Earrings,imageUrl,https://pwdbvmplcftqnrnyizkf.supabase.co/storage/v1/object/public/product-images/temp/main/1783512828754-earrings-mrp-120.png,pwdbvmplcftqnrnyizkf.supabase.co,/storage/v1/object/public/product-images/temp/main/1783512828754-earrings-mrp-120.png,png,true,false,true,200,image/png,2112076,538,1086,1448,"public, max-age=3600",false,false,false,true,true,false,
1287e3ca-7bdb-45ef-acd3-44d48b08d35b,midnight-beaded-hoop-earrings,KB-JWL-009,Midnight Beaded Hoop Earrings,image_url,https://pwdbvmplcftqnrnyizkf.supabase.co/storage/v1/object/public/product-images/temp/main/1783512828754-earrings-mrp-120.png,pwdbvmplcftqnrnyizkf.supabase.co,/storage/v1/object/public/product-images/temp/main/1783512828754-earrings-mrp-120.png,png,true,false,true,200,image/png,2112076,538,1086,1448,"public, max-age=3600",false,false,false,true,true,false,
382dc007-7486-40a0-9bdf-2542af15f5cb,wine-evening-handbag,KB-HB-WN-110,Wine Evening Handbag,image,https://images.unsplash.com/photo-1584917865442-de89df76afd3?auto=format&fit=crop&w=1000&q=80,images.unsplash.com,/photo-1584917865442-de89df76afd3,,false,false,true,200,image/jpeg,149845,12,1000,1333,"public, max-age=31536000",false,false,false,false,false,false,
382dc007-7486-40a0-9bdf-2542af15f5cb,wine-evening-handbag,KB-HB-WN-110,Wine Evening Handbag,imageUrl,https://images.unsplash.com/photo-1584917865442-de89df76afd3?auto=format&fit=crop&w=1000&q=80,images.unsplash.com,/photo-1584917865442-de89df76afd3,,false,false,true,200,image/jpeg,149845,12,1000,1333,"public, max-age=31536000",false,false,false,false,false,false,
382dc007-7486-40a0-9bdf-2542af15f5cb,wine-evening-handbag,KB-HB-WN-110,Wine Evening Handbag,product_images[0].image_url,https://images.unsplash.com/photo-1584917865442-de89df76afd3?auto=format&fit=crop&w=1000&q=80,images.unsplash.com,/photo-1584917865442-de89df76afd3,,false,false,true,200,image/jpeg,149845,12,1000,1333,"public, max-age=31536000",false,false,false,false,false,false,
b54a8495-1006-4376-814a-1819cfee05ff,flower-stone-designer-rakhi,KB-RAK-053,Flower Stone Designer Rakhi,image,https://pwdbvmplcftqnrnyizkf.supabase.co/storage/v1/object/public/product-images/temp/main/1783259982089-37eb99d8-e1b5-4b36-9912-a2e1ffccc034.png,pwdbvmplcftqnrnyizkf.supabase.co,/storage/v1/object/public/product-images/temp/main/1783259982089-37eb99d8-e1b5-4b36-9912-a2e1ffccc034.png,png,true,false,true,200,image/png,2272721,238,1448,1086,"public, max-age=3600",false,false,false,true,true,false,
b54a8495-1006-4376-814a-1819cfee05ff,flower-stone-designer-rakhi,KB-RAK-053,Flower Stone Designer Rakhi,imageUrl,https://pwdbvmplcftqnrnyizkf.supabase.co/storage/v1/object/public/product-images/temp/main/1783259982089-37eb99d8-e1b5-4b36-9912-a2e1ffccc034.png,pwdbvmplcftqnrnyizkf.supabase.co,/storage/v1/object/public/product-images/temp/main/1783259982089-37eb99d8-e1b5-4b36-9912-a2e1ffccc034.png,png,true,false,true,200,image/png,2272721,238,1448,1086,"public, max-age=3600",false,false,false,true,true,false,
b54a8495-1006-4376-814a-1819cfee05ff,flower-stone-designer-rakhi,KB-RAK-053,Flower Stone Designer Rakhi,image_url,https://pwdbvmplcftqnrnyizkf.supabase.co/storage/v1/object/public/product-images/temp/main/1783259982089-37eb99d8-e1b5-4b36-9912-a2e1ffccc034.png,pwdbvmplcftqnrnyizkf.supabase.co,/storage/v1/object/public/product-images/temp/main/1783259982089-37eb99d8-e1b5-4b36-9912-a2e1ffccc034.png,png,true,false,true,200,image/png,2272721,238,1448,1086,"public, max-age=3600",false,false,false,true,true,false,
c0a69dc2-7e37-44d3-bf72-bbe839459a27,elephant-charm-designer-rakhi,KB-RAK-052,Elephant Charm Designer Rakhi,image,https://pwdbvmplcftqnrnyizkf.supabase.co/storage/v1/object/public/product-images/temp/main/1783259076870-40359808-d691-4add-bb80-311bea39f0af.png,pwdbvmplcftqnrnyizkf.supabase.co,/storage/v1/object/public/product-images/temp/main/1783259076870-40359808-d691-4add-bb80-311bea39f0af.png,png,true,false,true,200,image/png,2521134,482,1086,1448,"public, max-age=3600",false,false,false,true,true,false,
c0a69dc2-7e37-44d3-bf72-bbe839459a27,elephant-charm-designer-rakhi,KB-RAK-052,Elephant Charm Designer Rakhi,imageUrl,https://pwdbvmplcftqnrnyizkf.supabase.co/storage/v1/object/public/product-images/temp/main/1783259076870-40359808-d691-4add-bb80-311bea39f0af.png,pwdbvmplcftqnrnyizkf.supabase.co,/storage/v1/object/public/product-images/temp/main/1783259076870-40359808-d691-4add-bb80-311bea39f0af.png,png,true,false,true,200,image/png,2521134,482,1086,1448,"public, max-age=3600",false,false,false,true,true,false,
c0a69dc2-7e37-44d3-bf72-bbe839459a27,elephant-charm-designer-rakhi,KB-RAK-052,Elephant Charm Designer Rakhi,image_url,https://pwdbvmplcftqnrnyizkf.supabase.co/storage/v1/object/public/product-images/temp/main/1783259076870-40359808-d691-4add-bb80-311bea39f0af.png,pwdbvmplcftqnrnyizkf.supabase.co,/storage/v1/object/public/product-images/temp/main/1783259076870-40359808-d691-4add-bb80-311bea39f0af.png,png,true,false,true,200,image/png,2521134,482,1086,1448,"public, max-age=3600",false,false,false,true,true,false,
b0724e7c-f886-4e47-b350-b71b0610b15b,lavender-bloom-tassel-earrings,KB-JWL-002,Lavender Bloom Tassel Earrings,image,https://pwdbvmplcftqnrnyizkf.supabase.co/storage/v1/object/public/product-images/temp/main/1783243890894-earings-mrp-495.png,pwdbvmplcftqnrnyizkf.supabase.co,/storage/v1/object/public/product-images/temp/main/1783243890894-earings-mrp-495.png,png,true,false,true,200,image/png,2206531,239,1086,1448,"public, max-age=3600",false,false,false,true,true,false,
b0724e7c-f886-4e47-b350-b71b0610b15b,lavender-bloom-tassel-earrings,KB-JWL-002,Lavender Bloom Tassel Earrings,imageUrl,https://pwdbvmplcftqnrnyizkf.supabase.co/storage/v1/object/public/product-images/temp/main/1783243890894-earings-mrp-495.png,pwdbvmplcftqnrnyizkf.supabase.co,/storage/v1/object/public/product-images/temp/main/1783243890894-earings-mrp-495.png,png,true,false,true,200,image/png,2206531,239,1086,1448,"public, max-age=3600",false,false,false,true,true,false,
b0724e7c-f886-4e47-b350-b71b0610b15b,lavender-bloom-tassel-earrings,KB-JWL-002,Lavender Bloom Tassel Earrings,image_url,https://pwdbvmplcftqnrnyizkf.supabase.co/storage/v1/object/public/product-images/temp/main/1783243890894-earings-mrp-495.png,pwdbvmplcftqnrnyizkf.supabase.co,/storage/v1/object/public/product-images/temp/main/1783243890894-earings-mrp-495.png,png,true,false,true,200,image/png,2206531,239,1086,1448,"public, max-age=3600",false,false,false,true,true,false,
9dbd14f1-715e-465d-ad1d-b26f02bc2680,ad-yellow-crystal-necklace-set,KB-JWL-001,AD Yellow Crystal Necklace Set,image,https://pwdbvmplcftqnrnyizkf.supabase.co/storage/v1/object/public/product-images/temp/main/1783242954586-ad-mrp-1285.png,pwdbvmplcftqnrnyizkf.supabase.co,/storage/v1/object/public/product-images/temp/main/1783242954586-ad-mrp-1285.png,png,true,false,true,200,image/png,2311284,251,1086,1448,"public, max-age=3600",false,false,false,true,true,false,
9dbd14f1-715e-465d-ad1d-b26f02bc2680,ad-yellow-crystal-necklace-set,KB-JWL-001,AD Yellow Crystal Necklace Set,imageUrl,https://pwdbvmplcftqnrnyizkf.supabase.co/storage/v1/object/public/product-images/temp/main/1783242954586-ad-mrp-1285.png,pwdbvmplcftqnrnyizkf.supabase.co,/storage/v1/object/public/product-images/temp/main/1783242954586-ad-mrp-1285.png,png,true,false,true,200,image/png,2311284,251,1086,1448,"public, max-age=3600",false,false,false,true,true,false,
9dbd14f1-715e-465d-ad1d-b26f02bc2680,ad-yellow-crystal-necklace-set,KB-JWL-001,AD Yellow Crystal Necklace Set,image_url,https://pwdbvmplcftqnrnyizkf.supabase.co/storage/v1/object/public/product-images/temp/main/1783242954586-ad-mrp-1285.png,pwdbvmplcftqnrnyizkf.supabase.co,/storage/v1/object/public/product-images/temp/main/1783242954586-ad-mrp-1285.png,png,true,false,true,200,image/png,2311284,251,1086,1448,"public, max-age=3600",false,false,false,true,true,false,
d8c9805b-c9ae-46ae-babb-21309c08a5e0,krishna-square-rakhi,KB-RAK-051,Krishna Square Rakhi,image,https://pwdbvmplcftqnrnyizkf.supabase.co/storage/v1/object/public/product-images/temp/main/1783242173670-ad-50-krishna-rs-125.png,pwdbvmplcftqnrnyizkf.supabase.co,/storage/v1/object/public/product-images/temp/main/1783242173670-ad-50-krishna-rs-125.png,png,true,false,true,200,image/png,2285900,8699,1086,1448,"public, max-age=3600",false,true,true,true,true,false,
d8c9805b-c9ae-46ae-babb-21309c08a5e0,krishna-square-rakhi,KB-RAK-051,Krishna Square Rakhi,imageUrl,https://pwdbvmplcftqnrnyizkf.supabase.co/storage/v1/object/public/product-images/temp/main/1783242173670-ad-50-krishna-rs-125.png,pwdbvmplcftqnrnyizkf.supabase.co,/storage/v1/object/public/product-images/temp/main/1783242173670-ad-50-krishna-rs-125.png,png,true,false,true,200,image/png,2285900,8699,1086,1448,"public, max-age=3600",false,true,true,true,true,false,
d8c9805b-c9ae-46ae-babb-21309c08a5e0,krishna-square-rakhi,KB-RAK-051,Krishna Square Rakhi,image_url,https://pwdbvmplcftqnrnyizkf.supabase.co/storage/v1/object/public/product-images/temp/main/1783242173670-ad-50-krishna-rs-125.png,pwdbvmplcftqnrnyizkf.supabase.co,/storage/v1/object/public/product-images/temp/main/1783242173670-ad-50-krishna-rs-125.png,png,true,false,true,200,image/png,2285900,8699,1086,1448,"public, max-age=3600",false,true,true,true,true,false,
e2fb734f-a803-4715-8cb5-64f5d98c9ec9,om-classic-rakhi,KB-RAK-050,Om Classic Rakhi,image,https://pwdbvmplcftqnrnyizkf.supabase.co/storage/v1/object/public/product-images/temp/main/1783241263874-ad-49-om-rs-150.png,pwdbvmplcftqnrnyizkf.supabase.co,/storage/v1/object/public/product-images/temp/main/1783241263874-ad-49-om-rs-150.png,png,true,false,true,200,image/png,2052360,294,1086,1448,"public, max-age=3600",false,false,false,true,true,false,
e2fb734f-a803-4715-8cb5-64f5d98c9ec9,om-classic-rakhi,KB-RAK-050,Om Classic Rakhi,imageUrl,https://pwdbvmplcftqnrnyizkf.supabase.co/storage/v1/object/public/product-images/temp/main/1783241263874-ad-49-om-rs-150.png,pwdbvmplcftqnrnyizkf.supabase.co,/storage/v1/object/public/product-images/temp/main/1783241263874-ad-49-om-rs-150.png,png,true,false,true,200,image/png,2052360,294,1086,1448,"public, max-age=3600",false,false,false,true,true,false,
e2fb734f-a803-4715-8cb5-64f5d98c9ec9,om-classic-rakhi,KB-RAK-050,Om Classic Rakhi,image_url,https://pwdbvmplcftqnrnyizkf.supabase.co/storage/v1/object/public/product-images/temp/main/1783241263874-ad-49-om-rs-150.png,pwdbvmplcftqnrnyizkf.supabase.co,/storage/v1/object/public/product-images/temp/main/1783241263874-ad-49-om-rs-150.png,png,true,false,true,200,image/png,2052360,294,1086,1448,"public, max-age=3600",false,false,false,true,true,false,
ce9ae494-c005-451c-9e02-8f86693641c2,om-gold-ad-rakhi,KB-RAK-049,Om Gold AD Rakhi,image,https://pwdbvmplcftqnrnyizkf.supabase.co/storage/v1/object/public/product-images/temp/main/1783239514066-ad-48-om-250.png,pwdbvmplcftqnrnyizkf.supabase.co,/storage/v1/object/public/product-images/temp/main/1783239514066-ad-48-om-250.png,png,true,false,true,200,image/png,2082489,587,1086,1448,"public, max-age=3600",false,false,false,true,true,false,
ce9ae494-c005-451c-9e02-8f86693641c2,om-gold-ad-rakhi,KB-RAK-049,Om Gold AD Rakhi,imageUrl,https://pwdbvmplcftqnrnyizkf.supabase.co/storage/v1/object/public/product-images/temp/main/1783239514066-ad-48-om-250.png,pwdbvmplcftqnrnyizkf.supabase.co,/storage/v1/object/public/product-images/temp/main/1783239514066-ad-48-om-250.png,png,true,false,true,200,image/png,2082489,587,1086,1448,"public, max-age=3600",false,false,false,true,true,false,
ce9ae494-c005-451c-9e02-8f86693641c2,om-gold-ad-rakhi,KB-RAK-049,Om Gold AD Rakhi,image_url,https://pwdbvmplcftqnrnyizkf.supabase.co/storage/v1/object/public/product-images/temp/main/1783239514066-ad-48-om-250.png,pwdbvmplcftqnrnyizkf.supabase.co,/storage/v1/object/public/product-images/temp/main/1783239514066-ad-48-om-250.png,png,true,false,true,200,image/png,2082489,587,1086,1448,"public, max-age=3600",false,false,false,true,true,false,
30e771ca-1a55-46bc-bf58-2b72a0262272,ganesh-circle-ad-rakhi,KB-RAK-048,Ganesh Circle AD Rakhi,image,https://pwdbvmplcftqnrnyizkf.supabase.co/storage/v1/object/public/product-images/temp/main/1783239347654-ad-47-ganesh-250.png,pwdbvmplcftqnrnyizkf.supabase.co,/storage/v1/object/public/product-images/temp/main/1783239347654-ad-47-ganesh-250.png,png,true,false,true,200,image/png,2568656,235,1086,1448,"public, max-age=3600",false,false,false,true,true,false,
30e771ca-1a55-46bc-bf58-2b72a0262272,ganesh-circle-ad-rakhi,KB-RAK-048,Ganesh Circle AD Rakhi,imageUrl,https://pwdbvmplcftqnrnyizkf.supabase.co/storage/v1/object/public/product-images/temp/main/1783239347654-ad-47-ganesh-250.png,pwdbvmplcftqnrnyizkf.supabase.co,/storage/v1/object/public/product-images/temp/main/1783239347654-ad-47-ganesh-250.png,png,true,false,true,200,image/png,2568656,235,1086,1448,"public, max-age=3600",false,false,false,true,true,false,
30e771ca-1a55-46bc-bf58-2b72a0262272,ganesh-circle-ad-rakhi,KB-RAK-048,Ganesh Circle AD Rakhi,image_url,https://pwdbvmplcftqnrnyizkf.supabase.co/storage/v1/object/public/product-images/temp/main/1783239347654-ad-47-ganesh-250.png,pwdbvmplcftqnrnyizkf.supabase.co,/storage/v1/object/public/product-images/temp/main/1783239347654-ad-47-ganesh-250.png,png,true,false,true,200,image/png,2568656,235,1086,1448,"public, max-age=3600",false,false,false,true,true,false,
1cadb4b8-d50f-4878-817c-6925b01b84b3,om-royal-ad-rakhi,KB-RAK-047,Om Royal AD Rakhi,image,https://pwdbvmplcftqnrnyizkf.supabase.co/storage/v1/object/public/product-images/temp/main/1783239149142-ad-46-om-rs-250.png,pwdbvmplcftqnrnyizkf.supabase.co,/storage/v1/object/public/product-images/temp/main/1783239149142-ad-46-om-rs-250.png,png,true,false,true,200,image/png,2238245,260,1086,1448,"public, max-age=3600",false,false,false,true,true,false,
1cadb4b8-d50f-4878-817c-6925b01b84b3,om-royal-ad-rakhi,KB-RAK-047,Om Royal AD Rakhi,imageUrl,https://pwdbvmplcftqnrnyizkf.supabase.co/storage/v1/object/public/product-images/temp/main/1783239149142-ad-46-om-rs-250.png,pwdbvmplcftqnrnyizkf.supabase.co,/storage/v1/object/public/product-images/temp/main/1783239149142-ad-46-om-rs-250.png,png,true,false,true,200,image/png,2238245,260,1086,1448,"public, max-age=3600",false,false,false,true,true,false,
1cadb4b8-d50f-4878-817c-6925b01b84b3,om-royal-ad-rakhi,KB-RAK-047,Om Royal AD Rakhi,image_url,https://pwdbvmplcftqnrnyizkf.supabase.co/storage/v1/object/public/product-images/temp/main/1783239149142-ad-46-om-rs-250.png,pwdbvmplcftqnrnyizkf.supabase.co,/storage/v1/object/public/product-images/temp/main/1783239149142-ad-46-om-rs-250.png,png,true,false,true,200,image/png,2238245,260,1086,1448,"public, max-age=3600",false,false,false,true,true,false,
05812108-91bb-420e-b0eb-b5affac71aee,krishna-premium-ad-rakhi,KB-RAK-046,Krishna Premium AD Rakhi,image,https://pwdbvmplcftqnrnyizkf.supabase.co/storage/v1/object/public/product-images/temp/main/1783239038024-ad-45-krishna-rs-250.png,pwdbvmplcftqnrnyizkf.supabase.co,/storage/v1/object/public/product-images/temp/main/1783239038024-ad-45-krishna-rs-250.png,png,true,false,true,200,image/png,2405618,515,1448,1086,"public, max-age=3600",false,false,false,true,true,false,
05812108-91bb-420e-b0eb-b5affac71aee,krishna-premium-ad-rakhi,KB-RAK-046,Krishna Premium AD Rakhi,imageUrl,https://pwdbvmplcftqnrnyizkf.supabase.co/storage/v1/object/public/product-images/temp/main/1783239038024-ad-45-krishna-rs-250.png,pwdbvmplcftqnrnyizkf.supabase.co,/storage/v1/object/public/product-images/temp/main/1783239038024-ad-45-krishna-rs-250.png,png,true,false,true,200,image/png,2405618,515,1448,1086,"public, max-age=3600",false,false,false,true,true,false,
05812108-91bb-420e-b0eb-b5affac71aee,krishna-premium-ad-rakhi,KB-RAK-046,Krishna Premium AD Rakhi,image_url,https://pwdbvmplcftqnrnyizkf.supabase.co/storage/v1/object/public/product-images/temp/main/1783239038024-ad-45-krishna-rs-250.png,pwdbvmplcftqnrnyizkf.supabase.co,/storage/v1/object/public/product-images/temp/main/1783239038024-ad-45-krishna-rs-250.png,png,true,false,true,200,image/png,2405618,515,1448,1086,"public, max-age=3600",false,false,false,true,true,false,
a7bfe99e-4d96-4d73-9c66-1bfb86144c05,ganesh-ad-rakhi,KB-RAK-045,Ganesh  AD Rakhi,image,https://pwdbvmplcftqnrnyizkf.supabase.co/storage/v1/object/public/product-images/temp/main/1783238801241-ad-ganesh-44-rs-250.png,pwdbvmplcftqnrnyizkf.supabase.co,/storage/v1/object/public/product-images/temp/main/1783238801241-ad-ganesh-44-rs-250.png,png,true,false,true,200,image/png,2404870,215,1448,1086,"public, max-age=3600",false,false,false,true,true,false,
a7bfe99e-4d96-4d73-9c66-1bfb86144c05,ganesh-ad-rakhi,KB-RAK-045,Ganesh  AD Rakhi,imageUrl,https://pwdbvmplcftqnrnyizkf.supabase.co/storage/v1/object/public/product-images/temp/main/1783238801241-ad-ganesh-44-rs-250.png,pwdbvmplcftqnrnyizkf.supabase.co,/storage/v1/object/public/product-images/temp/main/1783238801241-ad-ganesh-44-rs-250.png,png,true,false,true,200,image/png,2404870,215,1448,1086,"public, max-age=3600",false,false,false,true,true,false,
a7bfe99e-4d96-4d73-9c66-1bfb86144c05,ganesh-ad-rakhi,KB-RAK-045,Ganesh  AD Rakhi,image_url,https://pwdbvmplcftqnrnyizkf.supabase.co/storage/v1/object/public/product-images/temp/main/1783238801241-ad-ganesh-44-rs-250.png,pwdbvmplcftqnrnyizkf.supabase.co,/storage/v1/object/public/product-images/temp/main/1783238801241-ad-ganesh-44-rs-250.png,png,true,false,true,200,image/png,2404870,215,1448,1086,"public, max-age=3600",false,false,false,true,true,false,
e924f8b8-f43f-4125-b7e5-94f525cf35cf,shivling-ad-rakhi,KB-RAK-044,Shivling AD Rakhi,image,https://pwdbvmplcftqnrnyizkf.supabase.co/storage/v1/object/public/product-images/temp/main/1783232057398-ad-shiva-43-rs-250.png,pwdbvmplcftqnrnyizkf.supabase.co,/storage/v1/object/public/product-images/temp/main/1783232057398-ad-shiva-43-rs-250.png,png,true,false,true,200,image/png,2286159,540,1448,1086,"public, max-age=3600",false,false,false,true,true,false,
e924f8b8-f43f-4125-b7e5-94f525cf35cf,shivling-ad-rakhi,KB-RAK-044,Shivling AD Rakhi,imageUrl,https://pwdbvmplcftqnrnyizkf.supabase.co/storage/v1/object/public/product-images/temp/main/1783232057398-ad-shiva-43-rs-250.png,pwdbvmplcftqnrnyizkf.supabase.co,/storage/v1/object/public/product-images/temp/main/1783232057398-ad-shiva-43-rs-250.png,png,true,false,true,200,image/png,2286159,540,1448,1086,"public, max-age=3600",false,false,false,true,true,false,
e924f8b8-f43f-4125-b7e5-94f525cf35cf,shivling-ad-rakhi,KB-RAK-044,Shivling AD Rakhi,image_url,https://pwdbvmplcftqnrnyizkf.supabase.co/storage/v1/object/public/product-images/temp/main/1783232057398-ad-shiva-43-rs-250.png,pwdbvmplcftqnrnyizkf.supabase.co,/storage/v1/object/public/product-images/temp/main/1783232057398-ad-shiva-43-rs-250.png,png,true,false,true,200,image/png,2286159,540,1448,1086,"public, max-age=3600",false,false,false,true,true,false,
e508f615-3d67-4576-94e6-64c1fc6506a0,om-divine-ad-rakhi,KB-RAK-043,Om Divine AD Rakhi,image,https://pwdbvmplcftqnrnyizkf.supabase.co/storage/v1/object/public/product-images/temp/main/1783231392663-ad-42-om-rs-175.png,pwdbvmplcftqnrnyizkf.supabase.co,/storage/v1/object/public/product-images/temp/main/1783231392663-ad-42-om-rs-175.png,png,true,false,true,200,image/png,2177229,243,1448,1086,"public, max-age=3600",false,false,false,true,true,false,
e508f615-3d67-4576-94e6-64c1fc6506a0,om-divine-ad-rakhi,KB-RAK-043,Om Divine AD Rakhi,imageUrl,https://pwdbvmplcftqnrnyizkf.supabase.co/storage/v1/object/public/product-images/temp/main/1783231392663-ad-42-om-rs-175.png,pwdbvmplcftqnrnyizkf.supabase.co,/storage/v1/object/public/product-images/temp/main/1783231392663-ad-42-om-rs-175.png,png,true,false,true,200,image/png,2177229,243,1448,1086,"public, max-age=3600",false,false,false,true,true,false,
e508f615-3d67-4576-94e6-64c1fc6506a0,om-divine-ad-rakhi,KB-RAK-043,Om Divine AD Rakhi,image_url,https://pwdbvmplcftqnrnyizkf.supabase.co/storage/v1/object/public/product-images/temp/main/1783231392663-ad-42-om-rs-175.png,pwdbvmplcftqnrnyizkf.supabase.co,/storage/v1/object/public/product-images/temp/main/1783231392663-ad-42-om-rs-175.png,png,true,false,true,200,image/png,2177229,243,1448,1086,"public, max-age=3600",false,false,false,true,true,false,
c2d454b8-3c7c-4545-be24-ec7ecbca6fed,krishna-blessing-ad-rakhi,KB-RAK-042,Krishna Blessing AD Rakhi,image,https://pwdbvmplcftqnrnyizkf.supabase.co/storage/v1/object/public/product-images/temp/main/1783231081056-ad-41-krishna-rs-175.png,pwdbvmplcftqnrnyizkf.supabase.co,/storage/v1/object/public/product-images/temp/main/1783231081056-ad-41-krishna-rs-175.png,png,true,false,true,200,image/png,2113945,238,1086,1448,"public, max-age=3600",false,false,false,true,true,false,
c2d454b8-3c7c-4545-be24-ec7ecbca6fed,krishna-blessing-ad-rakhi,KB-RAK-042,Krishna Blessing AD Rakhi,imageUrl,https://pwdbvmplcftqnrnyizkf.supabase.co/storage/v1/object/public/product-images/temp/main/1783231081056-ad-41-krishna-rs-175.png,pwdbvmplcftqnrnyizkf.supabase.co,/storage/v1/object/public/product-images/temp/main/1783231081056-ad-41-krishna-rs-175.png,png,true,false,true,200,image/png,2113945,238,1086,1448,"public, max-age=3600",false,false,false,true,true,false,
c2d454b8-3c7c-4545-be24-ec7ecbca6fed,krishna-blessing-ad-rakhi,KB-RAK-042,Krishna Blessing AD Rakhi,image_url,https://pwdbvmplcftqnrnyizkf.supabase.co/storage/v1/object/public/product-images/temp/main/1783231081056-ad-41-krishna-rs-175.png,pwdbvmplcftqnrnyizkf.supabase.co,/storage/v1/object/public/product-images/temp/main/1783231081056-ad-41-krishna-rs-175.png,png,true,false,true,200,image/png,2113945,238,1086,1448,"public, max-age=3600",false,false,false,true,true,false,
e4617703-a6ff-48e5-b45c-5b1792e0c083,om-square-ad-rakhi,KB-RAK-041,Om Square AD Rakhi,image,https://pwdbvmplcftqnrnyizkf.supabase.co/storage/v1/object/public/product-images/temp/main/1783225459948-ad-om-40-rs-175.png,pwdbvmplcftqnrnyizkf.supabase.co,/storage/v1/object/public/product-images/temp/main/1783225459948-ad-om-40-rs-175.png,png,true,false,true,200,image/png,2219080,230,1448,1086,"public, max-age=3600",false,false,false,true,true,false,
e4617703-a6ff-48e5-b45c-5b1792e0c083,om-square-ad-rakhi,KB-RAK-041,Om Square AD Rakhi,imageUrl,https://pwdbvmplcftqnrnyizkf.supabase.co/storage/v1/object/public/product-images/temp/main/1783225459948-ad-om-40-rs-175.png,pwdbvmplcftqnrnyizkf.supabase.co,/storage/v1/object/public/product-images/temp/main/1783225459948-ad-om-40-rs-175.png,png,true,false,true,200,image/png,2219080,230,1448,1086,"public, max-age=3600",false,false,false,true,true,false,
e4617703-a6ff-48e5-b45c-5b1792e0c083,om-square-ad-rakhi,KB-RAK-041,Om Square AD Rakhi,image_url,https://pwdbvmplcftqnrnyizkf.supabase.co/storage/v1/object/public/product-images/temp/main/1783225459948-ad-om-40-rs-175.png,pwdbvmplcftqnrnyizkf.supabase.co,/storage/v1/object/public/product-images/temp/main/1783225459948-ad-om-40-rs-175.png,png,true,false,true,200,image/png,2219080,230,1448,1086,"public, max-age=3600",false,false,false,true,true,false,
d7602e72-b387-4d99-8964-d5912a3680d0,ganesh-silver-rakhi,KB-RAK-040,Ganesh Silver Rakhi,image,https://pwdbvmplcftqnrnyizkf.supabase.co/storage/v1/object/public/product-images/temp/main/1783225198311-ad-39-ganesh-rs-125.jpg,pwdbvmplcftqnrnyizkf.supabase.co,/storage/v1/object/public/product-images/temp/main/1783225198311-ad-39-ganesh-rs-125.jpg,jpg,true,false,true,200,image/jpeg,356778,256,1448,1086,"public, max-age=3600",false,false,false,false,false,false,
d7602e72-b387-4d99-8964-d5912a3680d0,ganesh-silver-rakhi,KB-RAK-040,Ganesh Silver Rakhi,imageUrl,https://pwdbvmplcftqnrnyizkf.supabase.co/storage/v1/object/public/product-images/temp/main/1783225198311-ad-39-ganesh-rs-125.jpg,pwdbvmplcftqnrnyizkf.supabase.co,/storage/v1/object/public/product-images/temp/main/1783225198311-ad-39-ganesh-rs-125.jpg,jpg,true,false,true,200,image/jpeg,356778,256,1448,1086,"public, max-age=3600",false,false,false,false,false,false,
d7602e72-b387-4d99-8964-d5912a3680d0,ganesh-silver-rakhi,KB-RAK-040,Ganesh Silver Rakhi,image_url,https://pwdbvmplcftqnrnyizkf.supabase.co/storage/v1/object/public/product-images/temp/main/1783225198311-ad-39-ganesh-rs-125.jpg,pwdbvmplcftqnrnyizkf.supabase.co,/storage/v1/object/public/product-images/temp/main/1783225198311-ad-39-ganesh-rs-125.jpg,jpg,true,false,true,200,image/jpeg,356778,256,1448,1086,"public, max-age=3600",false,false,false,false,false,false,
62af6c2b-fd58-412f-b90b-44a30e842206,om-silver-rakhi,KB-RAK-039,Om Silver Rakhi,image,https://pwdbvmplcftqnrnyizkf.supabase.co/storage/v1/object/public/product-images/temp/main/1783189751350-ad-38-rs-125.png,pwdbvmplcftqnrnyizkf.supabase.co,/storage/v1/object/public/product-images/temp/main/1783189751350-ad-38-rs-125.png,png,true,false,true,200,image/png,1792079,232,1086,1448,"public, max-age=3600",false,false,false,true,true,false,
62af6c2b-fd58-412f-b90b-44a30e842206,om-silver-rakhi,KB-RAK-039,Om Silver Rakhi,imageUrl,https://pwdbvmplcftqnrnyizkf.supabase.co/storage/v1/object/public/product-images/temp/main/1783189751350-ad-38-rs-125.png,pwdbvmplcftqnrnyizkf.supabase.co,/storage/v1/object/public/product-images/temp/main/1783189751350-ad-38-rs-125.png,png,true,false,true,200,image/png,1792079,232,1086,1448,"public, max-age=3600",false,false,false,true,true,false,
62af6c2b-fd58-412f-b90b-44a30e842206,om-silver-rakhi,KB-RAK-039,Om Silver Rakhi,image_url,https://pwdbvmplcftqnrnyizkf.supabase.co/storage/v1/object/public/product-images/temp/main/1783189751350-ad-38-rs-125.png,pwdbvmplcftqnrnyizkf.supabase.co,/storage/v1/object/public/product-images/temp/main/1783189751350-ad-38-rs-125.png,png,true,false,true,200,image/png,1792079,232,1086,1448,"public, max-age=3600",false,false,false,true,true,false,
21f130a7-b8d7-4a05-ae16-67b88ec9ec43,floral-silver-ad-rakhi,KB-RAK-038,Floral Silver AD Rakhi,image,https://pwdbvmplcftqnrnyizkf.supabase.co/storage/v1/object/public/product-images/temp/main/1783189605945-ad-37-rs-175.png,pwdbvmplcftqnrnyizkf.supabase.co,/storage/v1/object/public/product-images/temp/main/1783189605945-ad-37-rs-175.png,png,true,false,true,200,image/png,2106108,252,1086,1448,"public, max-age=3600",false,false,false,true,true,false,
21f130a7-b8d7-4a05-ae16-67b88ec9ec43,floral-silver-ad-rakhi,KB-RAK-038,Floral Silver AD Rakhi,imageUrl,https://pwdbvmplcftqnrnyizkf.supabase.co/storage/v1/object/public/product-images/temp/main/1783189605945-ad-37-rs-175.png,pwdbvmplcftqnrnyizkf.supabase.co,/storage/v1/object/public/product-images/temp/main/1783189605945-ad-37-rs-175.png,png,true,false,true,200,image/png,2106108,252,1086,1448,"public, max-age=3600",false,false,false,true,true,false,
21f130a7-b8d7-4a05-ae16-67b88ec9ec43,floral-silver-ad-rakhi,KB-RAK-038,Floral Silver AD Rakhi,image_url,https://pwdbvmplcftqnrnyizkf.supabase.co/storage/v1/object/public/product-images/temp/main/1783189605945-ad-37-rs-175.png,pwdbvmplcftqnrnyizkf.supabase.co,/storage/v1/object/public/product-images/temp/main/1783189605945-ad-37-rs-175.png,png,true,false,true,200,image/png,2106108,252,1086,1448,"public, max-age=3600",false,false,false,true,true,false,
e29212fc-d4bf-4e43-a844-189b764e1a8a,swan-ad-pendant-rakhi,KB-RAK-037,Swan AD Pendant Rakhi,image,https://pwdbvmplcftqnrnyizkf.supabase.co/storage/v1/object/public/product-images/temp/main/1783189460532-ad-36-rs-150.png,pwdbvmplcftqnrnyizkf.supabase.co,/storage/v1/object/public/product-images/temp/main/1783189460532-ad-36-rs-150.png,png,true,false,true,200,image/png,2159536,237,1086,1448,"public, max-age=3600",false,false,false,true,true,false,
e29212fc-d4bf-4e43-a844-189b764e1a8a,swan-ad-pendant-rakhi,KB-RAK-037,Swan AD Pendant Rakhi,imageUrl,https://pwdbvmplcftqnrnyizkf.supabase.co/storage/v1/object/public/product-images/temp/main/1783189460532-ad-36-rs-150.png,pwdbvmplcftqnrnyizkf.supabase.co,/storage/v1/object/public/product-images/temp/main/1783189460532-ad-36-rs-150.png,png,true,false,true,200,image/png,2159536,237,1086,1448,"public, max-age=3600",false,false,false,true,true,false,
e29212fc-d4bf-4e43-a844-189b764e1a8a,swan-ad-pendant-rakhi,KB-RAK-037,Swan AD Pendant Rakhi,image_url,https://pwdbvmplcftqnrnyizkf.supabase.co/storage/v1/object/public/product-images/temp/main/1783189460532-ad-36-rs-150.png,pwdbvmplcftqnrnyizkf.supabase.co,/storage/v1/object/public/product-images/temp/main/1783189460532-ad-36-rs-150.png,png,true,false,true,200,image/png,2159536,237,1086,1448,"public, max-age=3600",false,false,false,true,true,false,
524189fe-fa91-48e5-aadd-97857d71a281,round-floral-ad-rakhi,KB-RAK-036,Round Floral AD Rakhi,image,https://pwdbvmplcftqnrnyizkf.supabase.co/storage/v1/object/public/product-images/temp/main/1783189127284-ad-35-rs-175.png,pwdbvmplcftqnrnyizkf.supabase.co,/storage/v1/object/public/product-images/temp/main/1783189127284-ad-35-rs-175.png,png,true,false,true,200,image/png,2165912,337,1086,1448,"public, max-age=3600",false,false,false,true,true,false,
524189fe-fa91-48e5-aadd-97857d71a281,round-floral-ad-rakhi,KB-RAK-036,Round Floral AD Rakhi,imageUrl,https://pwdbvmplcftqnrnyizkf.supabase.co/storage/v1/object/public/product-images/temp/main/1783189127284-ad-35-rs-175.png,pwdbvmplcftqnrnyizkf.supabase.co,/storage/v1/object/public/product-images/temp/main/1783189127284-ad-35-rs-175.png,png,true,false,true,200,image/png,2165912,337,1086,1448,"public, max-age=3600",false,false,false,true,true,false,
524189fe-fa91-48e5-aadd-97857d71a281,round-floral-ad-rakhi,KB-RAK-036,Round Floral AD Rakhi,image_url,https://pwdbvmplcftqnrnyizkf.supabase.co/storage/v1/object/public/product-images/temp/main/1783189127284-ad-35-rs-175.png,pwdbvmplcftqnrnyizkf.supabase.co,/storage/v1/object/public/product-images/temp/main/1783189127284-ad-35-rs-175.png,png,true,false,true,200,image/png,2165912,337,1086,1448,"public, max-age=3600",false,false,false,true,true,false,
f05290e0-1c00-474c-b2fd-ff787a4eabff,ganesh-blessing-ad-rakhi,KB-RAK-035,Ganesh Blessing AD Rakhi,image,https://pwdbvmplcftqnrnyizkf.supabase.co/storage/v1/object/public/product-images/temp/main/1783188943510-ad-34-rs-130.png,pwdbvmplcftqnrnyizkf.supabase.co,/storage/v1/object/public/product-images/temp/main/1783188943510-ad-34-rs-130.png,png,true,false,true,200,image/png,2196880,267,1086,1448,"public, max-age=3600",false,false,false,true,true,false,
f05290e0-1c00-474c-b2fd-ff787a4eabff,ganesh-blessing-ad-rakhi,KB-RAK-035,Ganesh Blessing AD Rakhi,imageUrl,https://pwdbvmplcftqnrnyizkf.supabase.co/storage/v1/object/public/product-images/temp/main/1783188943510-ad-34-rs-130.png,pwdbvmplcftqnrnyizkf.supabase.co,/storage/v1/object/public/product-images/temp/main/1783188943510-ad-34-rs-130.png,png,true,false,true,200,image/png,2196880,267,1086,1448,"public, max-age=3600",false,false,false,true,true,false,
f05290e0-1c00-474c-b2fd-ff787a4eabff,ganesh-blessing-ad-rakhi,KB-RAK-035,Ganesh Blessing AD Rakhi,image_url,https://pwdbvmplcftqnrnyizkf.supabase.co/storage/v1/object/public/product-images/temp/main/1783188943510-ad-34-rs-130.png,pwdbvmplcftqnrnyizkf.supabase.co,/storage/v1/object/public/product-images/temp/main/1783188943510-ad-34-rs-130.png,png,true,false,true,200,image/png,2196880,267,1086,1448,"public, max-age=3600",false,false,false,true,true,false,
a3c2bf83-b35f-4f19-8ae1-f46d15345df1,infinity-ad-rakhi,KB-RAK-034,Infinity AD Rakhi,image,https://pwdbvmplcftqnrnyizkf.supabase.co/storage/v1/object/public/product-images/temp/main/1783188796912-ad-33-rs-175.png,pwdbvmplcftqnrnyizkf.supabase.co,/storage/v1/object/public/product-images/temp/main/1783188796912-ad-33-rs-175.png,png,true,false,true,200,image/png,2845537,570,1086,1448,"public, max-age=3600",false,false,false,true,true,false,
a3c2bf83-b35f-4f19-8ae1-f46d15345df1,infinity-ad-rakhi,KB-RAK-034,Infinity AD Rakhi,imageUrl,https://pwdbvmplcftqnrnyizkf.supabase.co/storage/v1/object/public/product-images/temp/main/1783188796912-ad-33-rs-175.png,pwdbvmplcftqnrnyizkf.supabase.co,/storage/v1/object/public/product-images/temp/main/1783188796912-ad-33-rs-175.png,png,true,false,true,200,image/png,2845537,570,1086,1448,"public, max-age=3600",false,false,false,true,true,false,
a3c2bf83-b35f-4f19-8ae1-f46d15345df1,infinity-ad-rakhi,KB-RAK-034,Infinity AD Rakhi,image_url,https://pwdbvmplcftqnrnyizkf.supabase.co/storage/v1/object/public/product-images/temp/main/1783188796912-ad-33-rs-175.png,pwdbvmplcftqnrnyizkf.supabase.co,/storage/v1/object/public/product-images/temp/main/1783188796912-ad-33-rs-175.png,png,true,false,true,200,image/png,2845537,570,1086,1448,"public, max-age=3600",false,false,false,true,true,false,
6cd48e5f-369e-4471-8d30-1df54cf7b432,twin-leaf-ad-pendant-rakhi,KB-RAK-033,Twin Leaf AD Pendant Rakhi,image,https://pwdbvmplcftqnrnyizkf.supabase.co/storage/v1/object/public/product-images/temp/main/1783188510149-ad32-rs-175.png,pwdbvmplcftqnrnyizkf.supabase.co,/storage/v1/object/public/product-images/temp/main/1783188510149-ad32-rs-175.png,png,true,false,true,200,image/png,2661925,231,1086,1448,"public, max-age=3600",false,false,false,true,true,false,
6cd48e5f-369e-4471-8d30-1df54cf7b432,twin-leaf-ad-pendant-rakhi,KB-RAK-033,Twin Leaf AD Pendant Rakhi,imageUrl,https://pwdbvmplcftqnrnyizkf.supabase.co/storage/v1/object/public/product-images/temp/main/1783188510149-ad32-rs-175.png,pwdbvmplcftqnrnyizkf.supabase.co,/storage/v1/object/public/product-images/temp/main/1783188510149-ad32-rs-175.png,png,true,false,true,200,image/png,2661925,231,1086,1448,"public, max-age=3600",false,false,false,true,true,false,
6cd48e5f-369e-4471-8d30-1df54cf7b432,twin-leaf-ad-pendant-rakhi,KB-RAK-033,Twin Leaf AD Pendant Rakhi,image_url,https://pwdbvmplcftqnrnyizkf.supabase.co/storage/v1/object/public/product-images/temp/main/1783188510149-ad32-rs-175.png,pwdbvmplcftqnrnyizkf.supabase.co,/storage/v1/object/public/product-images/temp/main/1783188510149-ad32-rs-175.png,png,true,false,true,200,image/png,2661925,231,1086,1448,"public, max-age=3600",false,false,false,true,true,false,
7cdab35f-78ce-4cb1-a646-0215607c6714,classic-ad-pendant,KB-RAK-032,💎 Classic AD Pendant,image,https://pwdbvmplcftqnrnyizkf.supabase.co/storage/v1/object/public/product-images/temp/main/1783188381813-ad-31-rs-175.png,pwdbvmplcftqnrnyizkf.supabase.co,/storage/v1/object/public/product-images/temp/main/1783188381813-ad-31-rs-175.png,png,true,false,true,200,image/png,2975454,233,1448,1086,"public, max-age=3600",false,false,false,true,true,false,
7cdab35f-78ce-4cb1-a646-0215607c6714,classic-ad-pendant,KB-RAK-032,💎 Classic AD Pendant,imageUrl,https://pwdbvmplcftqnrnyizkf.supabase.co/storage/v1/object/public/product-images/temp/main/1783188381813-ad-31-rs-175.png,pwdbvmplcftqnrnyizkf.supabase.co,/storage/v1/object/public/product-images/temp/main/1783188381813-ad-31-rs-175.png,png,true,false,true,200,image/png,2975454,233,1448,1086,"public, max-age=3600",false,false,false,true,true,false,
7cdab35f-78ce-4cb1-a646-0215607c6714,classic-ad-pendant,KB-RAK-032,💎 Classic AD Pendant,image_url,https://pwdbvmplcftqnrnyizkf.supabase.co/storage/v1/object/public/product-images/temp/main/1783188381813-ad-31-rs-175.png,pwdbvmplcftqnrnyizkf.supabase.co,/storage/v1/object/public/product-images/temp/main/1783188381813-ad-31-rs-175.png,png,true,false,true,200,image/png,2975454,233,1448,1086,"public, max-age=3600",false,false,false,true,true,false,
b5b31950-9385-402b-8c6a-43915ed885cc,round-ad-pendant-rakhi,KB-RAK-031,Round AD Pendant Rakhi,image,https://pwdbvmplcftqnrnyizkf.supabase.co/storage/v1/object/public/product-images/temp/main/1783187996836-ad-30-rs-175.png,pwdbvmplcftqnrnyizkf.supabase.co,/storage/v1/object/public/product-images/temp/main/1783187996836-ad-30-rs-175.png,png,true,false,true,200,image/png,2924956,449,1086,1448,"public, max-age=3600",false,false,false,true,true,false,
b5b31950-9385-402b-8c6a-43915ed885cc,round-ad-pendant-rakhi,KB-RAK-031,Round AD Pendant Rakhi,imageUrl,https://pwdbvmplcftqnrnyizkf.supabase.co/storage/v1/object/public/product-images/temp/main/1783187996836-ad-30-rs-175.png,pwdbvmplcftqnrnyizkf.supabase.co,/storage/v1/object/public/product-images/temp/main/1783187996836-ad-30-rs-175.png,png,true,false,true,200,image/png,2924956,449,1086,1448,"public, max-age=3600",false,false,false,true,true,false,
b5b31950-9385-402b-8c6a-43915ed885cc,round-ad-pendant-rakhi,KB-RAK-031,Round AD Pendant Rakhi,image_url,https://pwdbvmplcftqnrnyizkf.supabase.co/storage/v1/object/public/product-images/temp/main/1783187996836-ad-30-rs-175.png,pwdbvmplcftqnrnyizkf.supabase.co,/storage/v1/object/public/product-images/temp/main/1783187996836-ad-30-rs-175.png,png,true,false,true,200,image/png,2924956,449,1086,1448,"public, max-age=3600",false,false,false,true,true,false,
7d410a5f-8705-49ae-8bf4-8f1e6d90f646,krishna-ad-pendant-rakhi,KB-RAK-030,Krishna AD Pendant Rakhi,image,https://pwdbvmplcftqnrnyizkf.supabase.co/storage/v1/object/public/product-images/temp/main/1783187872567-ad-krishna-29-rs-175.png,pwdbvmplcftqnrnyizkf.supabase.co,/storage/v1/object/public/product-images/temp/main/1783187872567-ad-krishna-29-rs-175.png,png,true,false,true,200,image/png,2458942,227,1086,1448,"public, max-age=3600",false,false,false,true,true,false,
7d410a5f-8705-49ae-8bf4-8f1e6d90f646,krishna-ad-pendant-rakhi,KB-RAK-030,Krishna AD Pendant Rakhi,imageUrl,https://pwdbvmplcftqnrnyizkf.supabase.co/storage/v1/object/public/product-images/temp/main/1783187872567-ad-krishna-29-rs-175.png,pwdbvmplcftqnrnyizkf.supabase.co,/storage/v1/object/public/product-images/temp/main/1783187872567-ad-krishna-29-rs-175.png,png,true,false,true,200,image/png,2458942,227,1086,1448,"public, max-age=3600",false,false,false,true,true,false,
7d410a5f-8705-49ae-8bf4-8f1e6d90f646,krishna-ad-pendant-rakhi,KB-RAK-030,Krishna AD Pendant Rakhi,image_url,https://pwdbvmplcftqnrnyizkf.supabase.co/storage/v1/object/public/product-images/temp/main/1783187872567-ad-krishna-29-rs-175.png,pwdbvmplcftqnrnyizkf.supabase.co,/storage/v1/object/public/product-images/temp/main/1783187872567-ad-krishna-29-rs-175.png,png,true,false,true,200,image/png,2458942,227,1086,1448,"public, max-age=3600",false,false,false,true,true,false,
172075eb-e04c-4691-83d8-a900d331cae1,floral-ad-pendant-rakhi,KB-RAK-029,Floral AD Pendant Rakhi,image,https://pwdbvmplcftqnrnyizkf.supabase.co/storage/v1/object/public/product-images/temp/main/1783187757473-ad-28-rs-150.png,pwdbvmplcftqnrnyizkf.supabase.co,/storage/v1/object/public/product-images/temp/main/1783187757473-ad-28-rs-150.png,png,true,false,true,200,image/png,2922963,261,1086,1448,"public, max-age=3600",false,false,false,true,true,false,
172075eb-e04c-4691-83d8-a900d331cae1,floral-ad-pendant-rakhi,KB-RAK-029,Floral AD Pendant Rakhi,imageUrl,https://pwdbvmplcftqnrnyizkf.supabase.co/storage/v1/object/public/product-images/temp/main/1783187757473-ad-28-rs-150.png,pwdbvmplcftqnrnyizkf.supabase.co,/storage/v1/object/public/product-images/temp/main/1783187757473-ad-28-rs-150.png,png,true,false,true,200,image/png,2922963,261,1086,1448,"public, max-age=3600",false,false,false,true,true,false,
172075eb-e04c-4691-83d8-a900d331cae1,floral-ad-pendant-rakhi,KB-RAK-029,Floral AD Pendant Rakhi,image_url,https://pwdbvmplcftqnrnyizkf.supabase.co/storage/v1/object/public/product-images/temp/main/1783187757473-ad-28-rs-150.png,pwdbvmplcftqnrnyizkf.supabase.co,/storage/v1/object/public/product-images/temp/main/1783187757473-ad-28-rs-150.png,png,true,false,true,200,image/png,2922963,261,1086,1448,"public, max-age=3600",false,false,false,true,true,false,
19885a0a-2cff-491a-96d9-d156549ffd6c,oval-ad-pendant-rakhi,KB-RAK-028,Oval AD Pendant Rakhi,image,https://pwdbvmplcftqnrnyizkf.supabase.co/storage/v1/object/public/product-images/temp/main/1783187565203-ad-27-rs-175.png,pwdbvmplcftqnrnyizkf.supabase.co,/storage/v1/object/public/product-images/temp/main/1783187565203-ad-27-rs-175.png,png,true,false,true,200,image/png,2749674,232,1086,1448,"public, max-age=3600",false,false,false,true,true,false,
19885a0a-2cff-491a-96d9-d156549ffd6c,oval-ad-pendant-rakhi,KB-RAK-028,Oval AD Pendant Rakhi,imageUrl,https://pwdbvmplcftqnrnyizkf.supabase.co/storage/v1/object/public/product-images/temp/main/1783187565203-ad-27-rs-175.png,pwdbvmplcftqnrnyizkf.supabase.co,/storage/v1/object/public/product-images/temp/main/1783187565203-ad-27-rs-175.png,png,true,false,true,200,image/png,2749674,232,1086,1448,"public, max-age=3600",false,false,false,true,true,false,
19885a0a-2cff-491a-96d9-d156549ffd6c,oval-ad-pendant-rakhi,KB-RAK-028,Oval AD Pendant Rakhi,image_url,https://pwdbvmplcftqnrnyizkf.supabase.co/storage/v1/object/public/product-images/temp/main/1783187565203-ad-27-rs-175.png,pwdbvmplcftqnrnyizkf.supabase.co,/storage/v1/object/public/product-images/temp/main/1783187565203-ad-27-rs-175.png,png,true,false,true,200,image/png,2749674,232,1086,1448,"public, max-age=3600",false,false,false,true,true,false,
83aab5c6-7ed6-43cd-b8ec-d6a164c5c93f,ganesh-ad-pendant-rakhi,KB-RAK-027,Ganesh AD Pendant Rakhi,image,https://pwdbvmplcftqnrnyizkf.supabase.co/storage/v1/object/public/product-images/temp/main/1783187424233-ad-26-rs-150.png,pwdbvmplcftqnrnyizkf.supabase.co,/storage/v1/object/public/product-images/temp/main/1783187424233-ad-26-rs-150.png,png,true,false,true,200,image/png,2390107,222,1448,1086,"public, max-age=3600",false,false,false,true,true,false,
83aab5c6-7ed6-43cd-b8ec-d6a164c5c93f,ganesh-ad-pendant-rakhi,KB-RAK-027,Ganesh AD Pendant Rakhi,imageUrl,https://pwdbvmplcftqnrnyizkf.supabase.co/storage/v1/object/public/product-images/temp/main/1783187424233-ad-26-rs-150.png,pwdbvmplcftqnrnyizkf.supabase.co,/storage/v1/object/public/product-images/temp/main/1783187424233-ad-26-rs-150.png,png,true,false,true,200,image/png,2390107,222,1448,1086,"public, max-age=3600",false,false,false,true,true,false,
83aab5c6-7ed6-43cd-b8ec-d6a164c5c93f,ganesh-ad-pendant-rakhi,KB-RAK-027,Ganesh AD Pendant Rakhi,image_url,https://pwdbvmplcftqnrnyizkf.supabase.co/storage/v1/object/public/product-images/temp/main/1783187424233-ad-26-rs-150.png,pwdbvmplcftqnrnyizkf.supabase.co,/storage/v1/object/public/product-images/temp/main/1783187424233-ad-26-rs-150.png,png,true,false,true,200,image/png,2390107,222,1448,1086,"public, max-age=3600",false,false,false,true,true,false,
62719279-4c24-46ab-9ce5-c03d6a77b815,classic-floral-couple-rakhi-set,KB-RAK-026,Classic Floral Couple Rakhi Set,image,https://pwdbvmplcftqnrnyizkf.supabase.co/storage/v1/object/public/product-images/temp/main/1783186912312-couple-no-25-rs-250.png,pwdbvmplcftqnrnyizkf.supabase.co,/storage/v1/object/public/product-images/temp/main/1783186912312-couple-no-25-rs-250.png,png,true,false,true,200,image/png,2517300,242,1086,1448,"public, max-age=3600",false,false,false,true,true,false,
62719279-4c24-46ab-9ce5-c03d6a77b815,classic-floral-couple-rakhi-set,KB-RAK-026,Classic Floral Couple Rakhi Set,imageUrl,https://pwdbvmplcftqnrnyizkf.supabase.co/storage/v1/object/public/product-images/temp/main/1783186912312-couple-no-25-rs-250.png,pwdbvmplcftqnrnyizkf.supabase.co,/storage/v1/object/public/product-images/temp/main/1783186912312-couple-no-25-rs-250.png,png,true,false,true,200,image/png,2517300,242,1086,1448,"public, max-age=3600",false,false,false,true,true,false,
62719279-4c24-46ab-9ce5-c03d6a77b815,classic-floral-couple-rakhi-set,KB-RAK-026,Classic Floral Couple Rakhi Set,image_url,https://pwdbvmplcftqnrnyizkf.supabase.co/storage/v1/object/public/product-images/temp/main/1783186912312-couple-no-25-rs-250.png,pwdbvmplcftqnrnyizkf.supabase.co,/storage/v1/object/public/product-images/temp/main/1783186912312-couple-no-25-rs-250.png,png,true,false,true,200,image/png,2517300,242,1086,1448,"public, max-age=3600",false,false,false,true,true,false,
902ddb75-ddeb-4171-a6da-a94b1f8e0d2d,om-premium-couple-rakhi-set,KB-RAK-025,Om Premium Couple Rakhi Set,image,https://pwdbvmplcftqnrnyizkf.supabase.co/storage/v1/object/public/product-images/temp/main/1783186332052-couple-24-rs-275.png,pwdbvmplcftqnrnyizkf.supabase.co,/storage/v1/object/public/product-images/temp/main/1783186332052-couple-24-rs-275.png,png,true,false,true,200,image/png,2662915,356,1086,1448,"public, max-age=3600",false,false,false,true,true,false,
902ddb75-ddeb-4171-a6da-a94b1f8e0d2d,om-premium-couple-rakhi-set,KB-RAK-025,Om Premium Couple Rakhi Set,imageUrl,https://pwdbvmplcftqnrnyizkf.supabase.co/storage/v1/object/public/product-images/temp/main/1783186332052-couple-24-rs-275.png,pwdbvmplcftqnrnyizkf.supabase.co,/storage/v1/object/public/product-images/temp/main/1783186332052-couple-24-rs-275.png,png,true,false,true,200,image/png,2662915,356,1086,1448,"public, max-age=3600",false,false,false,true,true,false,
902ddb75-ddeb-4171-a6da-a94b1f8e0d2d,om-premium-couple-rakhi-set,KB-RAK-025,Om Premium Couple Rakhi Set,image_url,https://pwdbvmplcftqnrnyizkf.supabase.co/storage/v1/object/public/product-images/temp/main/1783186332052-couple-24-rs-275.png,pwdbvmplcftqnrnyizkf.supabase.co,/storage/v1/object/public/product-images/temp/main/1783186332052-couple-24-rs-275.png,png,true,false,true,200,image/png,2662915,356,1086,1448,"public, max-age=3600",false,false,false,true,true,false,
337c64c5-0fb2-4d32-a89a-90c64e1a76fb,classic-stone-couple-rakhi-set,KB-RAK-024,Classic Stone Couple Rakhi Set,image,https://pwdbvmplcftqnrnyizkf.supabase.co/storage/v1/object/public/product-images/temp/main/1783180112736-couple-23-rs-250.png,pwdbvmplcftqnrnyizkf.supabase.co,/storage/v1/object/public/product-images/temp/main/1783180112736-couple-23-rs-250.png,png,true,false,true,200,image/png,2601380,227,1086,1448,"public, max-age=3600",false,false,false,true,true,false,
337c64c5-0fb2-4d32-a89a-90c64e1a76fb,classic-stone-couple-rakhi-set,KB-RAK-024,Classic Stone Couple Rakhi Set,imageUrl,https://pwdbvmplcftqnrnyizkf.supabase.co/storage/v1/object/public/product-images/temp/main/1783180112736-couple-23-rs-250.png,pwdbvmplcftqnrnyizkf.supabase.co,/storage/v1/object/public/product-images/temp/main/1783180112736-couple-23-rs-250.png,png,true,false,true,200,image/png,2601380,227,1086,1448,"public, max-age=3600",false,false,false,true,true,false,
337c64c5-0fb2-4d32-a89a-90c64e1a76fb,classic-stone-couple-rakhi-set,KB-RAK-024,Classic Stone Couple Rakhi Set,image_url,https://pwdbvmplcftqnrnyizkf.supabase.co/storage/v1/object/public/product-images/temp/main/1783180112736-couple-23-rs-250.png,pwdbvmplcftqnrnyizkf.supabase.co,/storage/v1/object/public/product-images/temp/main/1783180112736-couple-23-rs-250.png,png,true,false,true,200,image/png,2601380,227,1086,1448,"public, max-age=3600",false,false,false,true,true,false,
2bfdcb2f-bb8d-454a-a168-511c9d98f8f9,om-designer-couple-rakhi-set,KB-RAK-023,Om Designer Couple Rakhi Set,image,https://pwdbvmplcftqnrnyizkf.supabase.co/storage/v1/object/public/product-images/temp/main/1783179958963-couple-22-rs-225.png,pwdbvmplcftqnrnyizkf.supabase.co,/storage/v1/object/public/product-images/temp/main/1783179958963-couple-22-rs-225.png,png,true,false,true,200,image/png,3900230,281,1086,1448,"public, max-age=3600",false,false,false,true,true,false,
2bfdcb2f-bb8d-454a-a168-511c9d98f8f9,om-designer-couple-rakhi-set,KB-RAK-023,Om Designer Couple Rakhi Set,imageUrl,https://pwdbvmplcftqnrnyizkf.supabase.co/storage/v1/object/public/product-images/temp/main/1783179958963-couple-22-rs-225.png,pwdbvmplcftqnrnyizkf.supabase.co,/storage/v1/object/public/product-images/temp/main/1783179958963-couple-22-rs-225.png,png,true,false,true,200,image/png,3900230,281,1086,1448,"public, max-age=3600",false,false,false,true,true,false,
2bfdcb2f-bb8d-454a-a168-511c9d98f8f9,om-designer-couple-rakhi-set,KB-RAK-023,Om Designer Couple Rakhi Set,image_url,https://pwdbvmplcftqnrnyizkf.supabase.co/storage/v1/object/public/product-images/temp/main/1783179958963-couple-22-rs-225.png,pwdbvmplcftqnrnyizkf.supabase.co,/storage/v1/object/public/product-images/temp/main/1783179958963-couple-22-rs-225.png,png,true,false,true,200,image/png,3900230,281,1086,1448,"public, max-age=3600",false,false,false,true,true,false,
7c733b0f-5b0e-4ada-bea6-8d722f4377b2,traditional-star-couple-rakhi-set,KB-RAK-022,Traditional Star Couple Rakhi Set,image,https://pwdbvmplcftqnrnyizkf.supabase.co/storage/v1/object/public/product-images/temp/main/1783179360744-couple-21-rs-250.png,pwdbvmplcftqnrnyizkf.supabase.co,/storage/v1/object/public/product-images/temp/main/1783179360744-couple-21-rs-250.png,png,true,false,true,200,image/png,2682786,288,1086,1448,"public, max-age=3600",false,false,false,true,true,false,
7c733b0f-5b0e-4ada-bea6-8d722f4377b2,traditional-star-couple-rakhi-set,KB-RAK-022,Traditional Star Couple Rakhi Set,imageUrl,https://pwdbvmplcftqnrnyizkf.supabase.co/storage/v1/object/public/product-images/temp/main/1783179360744-couple-21-rs-250.png,pwdbvmplcftqnrnyizkf.supabase.co,/storage/v1/object/public/product-images/temp/main/1783179360744-couple-21-rs-250.png,png,true,false,true,200,image/png,2682786,288,1086,1448,"public, max-age=3600",false,false,false,true,true,false,
7c733b0f-5b0e-4ada-bea6-8d722f4377b2,traditional-star-couple-rakhi-set,KB-RAK-022,Traditional Star Couple Rakhi Set,image_url,https://pwdbvmplcftqnrnyizkf.supabase.co/storage/v1/object/public/product-images/temp/main/1783179360744-couple-21-rs-250.png,pwdbvmplcftqnrnyizkf.supabase.co,/storage/v1/object/public/product-images/temp/main/1783179360744-couple-21-rs-250.png,png,true,false,true,200,image/png,2682786,288,1086,1448,"public, max-age=3600",false,false,false,true,true,false,
84e47457-9ac8-4279-ac61-0d356c15aaf1,traditional-designer-couple-rakhi-set,KB-RAK-021,Traditional Designer Couple Rakhi Set,image,https://pwdbvmplcftqnrnyizkf.supabase.co/storage/v1/object/public/product-images/temp/main/1783178551706-couple-no-20-rs-250.png,pwdbvmplcftqnrnyizkf.supabase.co,/storage/v1/object/public/product-images/temp/main/1783178551706-couple-no-20-rs-250.png,png,true,false,true,200,image/png,2380194,254,1086,1448,"public, max-age=3600",false,false,false,true,true,false,
84e47457-9ac8-4279-ac61-0d356c15aaf1,traditional-designer-couple-rakhi-set,KB-RAK-021,Traditional Designer Couple Rakhi Set,imageUrl,https://pwdbvmplcftqnrnyizkf.supabase.co/storage/v1/object/public/product-images/temp/main/1783178551706-couple-no-20-rs-250.png,pwdbvmplcftqnrnyizkf.supabase.co,/storage/v1/object/public/product-images/temp/main/1783178551706-couple-no-20-rs-250.png,png,true,false,true,200,image/png,2380194,254,1086,1448,"public, max-age=3600",false,false,false,true,true,false,
84e47457-9ac8-4279-ac61-0d356c15aaf1,traditional-designer-couple-rakhi-set,KB-RAK-021,Traditional Designer Couple Rakhi Set,image_url,https://pwdbvmplcftqnrnyizkf.supabase.co/storage/v1/object/public/product-images/temp/main/1783178551706-couple-no-20-rs-250.png,pwdbvmplcftqnrnyizkf.supabase.co,/storage/v1/object/public/product-images/temp/main/1783178551706-couple-no-20-rs-250.png,png,true,false,true,200,image/png,2380194,254,1086,1448,"public, max-age=3600",false,false,false,true,true,false,
286fee16-87f2-406f-a60b-0b5d33a9cad1,evil-eye-couple-rakhi-set,KB-RAK-020,Evil Eye Couple Rakhi Set,image,https://pwdbvmplcftqnrnyizkf.supabase.co/storage/v1/object/public/product-images/temp/main/1783178347989-couple-no-19-rs-315.png,pwdbvmplcftqnrnyizkf.supabase.co,/storage/v1/object/public/product-images/temp/main/1783178347989-couple-no-19-rs-315.png,png,true,false,true,200,image/png,2200809,254,1086,1448,"public, max-age=3600",false,false,false,true,true,false,
286fee16-87f2-406f-a60b-0b5d33a9cad1,evil-eye-couple-rakhi-set,KB-RAK-020,Evil Eye Couple Rakhi Set,imageUrl,https://pwdbvmplcftqnrnyizkf.supabase.co/storage/v1/object/public/product-images/temp/main/1783178347989-couple-no-19-rs-315.png,pwdbvmplcftqnrnyizkf.supabase.co,/storage/v1/object/public/product-images/temp/main/1783178347989-couple-no-19-rs-315.png,png,true,false,true,200,image/png,2200809,254,1086,1448,"public, max-age=3600",false,false,false,true,true,false,
286fee16-87f2-406f-a60b-0b5d33a9cad1,evil-eye-couple-rakhi-set,KB-RAK-020,Evil Eye Couple Rakhi Set,image_url,https://pwdbvmplcftqnrnyizkf.supabase.co/storage/v1/object/public/product-images/temp/main/1783178347989-couple-no-19-rs-315.png,pwdbvmplcftqnrnyizkf.supabase.co,/storage/v1/object/public/product-images/temp/main/1783178347989-couple-no-19-rs-315.png,png,true,false,true,200,image/png,2200809,254,1086,1448,"public, max-age=3600",false,false,false,true,true,false,
5e74dc91-0c75-490b-b529-f14cafc6951d,floral-mini-couple-rakhi-set,KB-RAK-019,Floral Mini Couple Rakhi Set,image,https://pwdbvmplcftqnrnyizkf.supabase.co/storage/v1/object/public/product-images/temp/main/1783178196000-couple-no-18-rs-275.png,pwdbvmplcftqnrnyizkf.supabase.co,/storage/v1/object/public/product-images/temp/main/1783178196000-couple-no-18-rs-275.png,png,true,false,true,200,image/png,2189498,290,1086,1448,"public, max-age=3600",false,false,false,true,true,false,
5e74dc91-0c75-490b-b529-f14cafc6951d,floral-mini-couple-rakhi-set,KB-RAK-019,Floral Mini Couple Rakhi Set,imageUrl,https://pwdbvmplcftqnrnyizkf.supabase.co/storage/v1/object/public/product-images/temp/main/1783178196000-couple-no-18-rs-275.png,pwdbvmplcftqnrnyizkf.supabase.co,/storage/v1/object/public/product-images/temp/main/1783178196000-couple-no-18-rs-275.png,png,true,false,true,200,image/png,2189498,290,1086,1448,"public, max-age=3600",false,false,false,true,true,false,
5e74dc91-0c75-490b-b529-f14cafc6951d,floral-mini-couple-rakhi-set,KB-RAK-019,Floral Mini Couple Rakhi Set,image_url,https://pwdbvmplcftqnrnyizkf.supabase.co/storage/v1/object/public/product-images/temp/main/1783178196000-couple-no-18-rs-275.png,pwdbvmplcftqnrnyizkf.supabase.co,/storage/v1/object/public/product-images/temp/main/1783178196000-couple-no-18-rs-275.png,png,true,false,true,200,image/png,2189498,290,1086,1448,"public, max-age=3600",false,false,false,true,true,false,
cc519d83-23a1-4a96-b0da-94feecb06f11,swan-designer-couple-rakhi-set,KB-RAK-018,Swan Designer Couple Rakhi Set,image,https://pwdbvmplcftqnrnyizkf.supabase.co/storage/v1/object/public/product-images/temp/main/1783177774105-couple-no-17-rs-315.png,pwdbvmplcftqnrnyizkf.supabase.co,/storage/v1/object/public/product-images/temp/main/1783177774105-couple-no-17-rs-315.png,png,true,false,true,200,image/png,2240956,249,1086,1448,"public, max-age=3600",false,false,false,true,true,false,
cc519d83-23a1-4a96-b0da-94feecb06f11,swan-designer-couple-rakhi-set,KB-RAK-018,Swan Designer Couple Rakhi Set,imageUrl,https://pwdbvmplcftqnrnyizkf.supabase.co/storage/v1/object/public/product-images/temp/main/1783177774105-couple-no-17-rs-315.png,pwdbvmplcftqnrnyizkf.supabase.co,/storage/v1/object/public/product-images/temp/main/1783177774105-couple-no-17-rs-315.png,png,true,false,true,200,image/png,2240956,249,1086,1448,"public, max-age=3600",false,false,false,true,true,false,
cc519d83-23a1-4a96-b0da-94feecb06f11,swan-designer-couple-rakhi-set,KB-RAK-018,Swan Designer Couple Rakhi Set,image_url,https://pwdbvmplcftqnrnyizkf.supabase.co/storage/v1/object/public/product-images/temp/main/1783177774105-couple-no-17-rs-315.png,pwdbvmplcftqnrnyizkf.supabase.co,/storage/v1/object/public/product-images/temp/main/1783177774105-couple-no-17-rs-315.png,png,true,false,true,200,image/png,2240956,249,1086,1448,"public, max-age=3600",false,false,false,true,true,false,
ac27d8c2-c2e2-4d7b-bdb9-b679b8f3a693,premium-stone-couple-rakhi-set,KB-RAK-017,Premium Stone Couple Rakhi Set,image,https://pwdbvmplcftqnrnyizkf.supabase.co/storage/v1/object/public/product-images/temp/main/1783177603248-couple-no-16-rs-340.png,pwdbvmplcftqnrnyizkf.supabase.co,/storage/v1/object/public/product-images/temp/main/1783177603248-couple-no-16-rs-340.png,png,true,false,true,200,image/png,2276216,297,1086,1448,"public, max-age=3600",false,false,false,true,true,false,
ac27d8c2-c2e2-4d7b-bdb9-b679b8f3a693,premium-stone-couple-rakhi-set,KB-RAK-017,Premium Stone Couple Rakhi Set,imageUrl,https://pwdbvmplcftqnrnyizkf.supabase.co/storage/v1/object/public/product-images/temp/main/1783177603248-couple-no-16-rs-340.png,pwdbvmplcftqnrnyizkf.supabase.co,/storage/v1/object/public/product-images/temp/main/1783177603248-couple-no-16-rs-340.png,png,true,false,true,200,image/png,2276216,297,1086,1448,"public, max-age=3600",false,false,false,true,true,false,
ac27d8c2-c2e2-4d7b-bdb9-b679b8f3a693,premium-stone-couple-rakhi-set,KB-RAK-017,Premium Stone Couple Rakhi Set,image_url,https://pwdbvmplcftqnrnyizkf.supabase.co/storage/v1/object/public/product-images/temp/main/1783177603248-couple-no-16-rs-340.png,pwdbvmplcftqnrnyizkf.supabase.co,/storage/v1/object/public/product-images/temp/main/1783177603248-couple-no-16-rs-340.png,png,true,false,true,200,image/png,2276216,297,1086,1448,"public, max-age=3600",false,false,false,true,true,false,
04b4505e-13e4-47a5-9b29-074d6028faa0,kb-rak-016,,Couple Rakhi,image,https://pwdbvmplcftqnrnyizkf.supabase.co/storage/v1/object/public/product-images/temp/main/1783177176374-couple-no-15-rs-340.png,pwdbvmplcftqnrnyizkf.supabase.co,/storage/v1/object/public/product-images/temp/main/1783177176374-couple-no-15-rs-340.png,png,true,false,true,200,image/png,2245258,548,1086,1448,"public, max-age=3600",false,false,false,true,true,false,
04b4505e-13e4-47a5-9b29-074d6028faa0,kb-rak-016,,Couple Rakhi,imageUrl,https://pwdbvmplcftqnrnyizkf.supabase.co/storage/v1/object/public/product-images/temp/main/1783177176374-couple-no-15-rs-340.png,pwdbvmplcftqnrnyizkf.supabase.co,/storage/v1/object/public/product-images/temp/main/1783177176374-couple-no-15-rs-340.png,png,true,false,true,200,image/png,2245258,548,1086,1448,"public, max-age=3600",false,false,false,true,true,false,
04b4505e-13e4-47a5-9b29-074d6028faa0,kb-rak-016,,Couple Rakhi,image_url,https://pwdbvmplcftqnrnyizkf.supabase.co/storage/v1/object/public/product-images/temp/main/1783177176374-couple-no-15-rs-340.png,pwdbvmplcftqnrnyizkf.supabase.co,/storage/v1/object/public/product-images/temp/main/1783177176374-couple-no-15-rs-340.png,png,true,false,true,200,image/png,2245258,548,1086,1448,"public, max-age=3600",false,false,false,true,true,false,
d20a6e5a-451f-4e90-aacc-6c7a6d38a523,kb-rak-015,KB-RAK-015,Couplel Rakhi,image,https://pwdbvmplcftqnrnyizkf.supabase.co/storage/v1/object/public/product-images/temp/main/1783176937948-couple-no-14-rs-315.png,pwdbvmplcftqnrnyizkf.supabase.co,/storage/v1/object/public/product-images/temp/main/1783176937948-couple-no-14-rs-315.png,png,true,false,true,200,image/png,2468004,264,1086,1448,"public, max-age=3600",false,false,false,true,true,false,
d20a6e5a-451f-4e90-aacc-6c7a6d38a523,kb-rak-015,KB-RAK-015,Couplel Rakhi,imageUrl,https://pwdbvmplcftqnrnyizkf.supabase.co/storage/v1/object/public/product-images/temp/main/1783176937948-couple-no-14-rs-315.png,pwdbvmplcftqnrnyizkf.supabase.co,/storage/v1/object/public/product-images/temp/main/1783176937948-couple-no-14-rs-315.png,png,true,false,true,200,image/png,2468004,264,1086,1448,"public, max-age=3600",false,false,false,true,true,false,
d20a6e5a-451f-4e90-aacc-6c7a6d38a523,kb-rak-015,KB-RAK-015,Couplel Rakhi,image_url,https://pwdbvmplcftqnrnyizkf.supabase.co/storage/v1/object/public/product-images/temp/main/1783176937948-couple-no-14-rs-315.png,pwdbvmplcftqnrnyizkf.supabase.co,/storage/v1/object/public/product-images/temp/main/1783176937948-couple-no-14-rs-315.png,png,true,false,true,200,image/png,2468004,264,1086,1448,"public, max-age=3600",false,false,false,true,true,false,
13e6f74f-b2c1-4442-b476-f87adf38f857,kb-rak-014,KB-RAK-014,Couple Rakhi,image,https://pwdbvmplcftqnrnyizkf.supabase.co/storage/v1/object/public/product-images/temp/main/1783176522562-couple-13-rs-315.png,pwdbvmplcftqnrnyizkf.supabase.co,/storage/v1/object/public/product-images/temp/main/1783176522562-couple-13-rs-315.png,png,true,false,true,200,image/png,2018088,430,1086,1448,"public, max-age=3600",false,false,false,true,true,false,
13e6f74f-b2c1-4442-b476-f87adf38f857,kb-rak-014,KB-RAK-014,Couple Rakhi,imageUrl,https://pwdbvmplcftqnrnyizkf.supabase.co/storage/v1/object/public/product-images/temp/main/1783176522562-couple-13-rs-315.png,pwdbvmplcftqnrnyizkf.supabase.co,/storage/v1/object/public/product-images/temp/main/1783176522562-couple-13-rs-315.png,png,true,false,true,200,image/png,2018088,430,1086,1448,"public, max-age=3600",false,false,false,true,true,false,
13e6f74f-b2c1-4442-b476-f87adf38f857,kb-rak-014,KB-RAK-014,Couple Rakhi,image_url,https://pwdbvmplcftqnrnyizkf.supabase.co/storage/v1/object/public/product-images/temp/main/1783176522562-couple-13-rs-315.png,pwdbvmplcftqnrnyizkf.supabase.co,/storage/v1/object/public/product-images/temp/main/1783176522562-couple-13-rs-315.png,png,true,false,true,200,image/png,2018088,430,1086,1448,"public, max-age=3600",false,false,false,true,true,false,
432a1d90-0a62-4805-a643-c3f954ea4cee,kb-rak-013,KB-RAK-013,Couple Rakhi,image,https://pwdbvmplcftqnrnyizkf.supabase.co/storage/v1/object/public/product-images/temp/main/1783176258793-couple-no-12-rs-340.png,pwdbvmplcftqnrnyizkf.supabase.co,/storage/v1/object/public/product-images/temp/main/1783176258793-couple-no-12-rs-340.png,png,true,false,true,200,image/png,2194738,501,1085,1450,"public, max-age=3600",false,false,false,true,true,false,
432a1d90-0a62-4805-a643-c3f954ea4cee,kb-rak-013,KB-RAK-013,Couple Rakhi,imageUrl,https://pwdbvmplcftqnrnyizkf.supabase.co/storage/v1/object/public/product-images/temp/main/1783176258793-couple-no-12-rs-340.png,pwdbvmplcftqnrnyizkf.supabase.co,/storage/v1/object/public/product-images/temp/main/1783176258793-couple-no-12-rs-340.png,png,true,false,true,200,image/png,2194738,501,1085,1450,"public, max-age=3600",false,false,false,true,true,false,
432a1d90-0a62-4805-a643-c3f954ea4cee,kb-rak-013,KB-RAK-013,Couple Rakhi,image_url,https://pwdbvmplcftqnrnyizkf.supabase.co/storage/v1/object/public/product-images/temp/main/1783176258793-couple-no-12-rs-340.png,pwdbvmplcftqnrnyizkf.supabase.co,/storage/v1/object/public/product-images/temp/main/1783176258793-couple-no-12-rs-340.png,png,true,false,true,200,image/png,2194738,501,1085,1450,"public, max-age=3600",false,false,false,true,true,false,
bde4d667-98cf-47f3-b924-820cc6285346,couple-rakhi-ad,KB-RAK-012,Couple Rakhi AD,image,https://pwdbvmplcftqnrnyizkf.supabase.co/storage/v1/object/public/product-images/temp/main/1783172534910-couple-no-11-rs-315.png,pwdbvmplcftqnrnyizkf.supabase.co,/storage/v1/object/public/product-images/temp/main/1783172534910-couple-no-11-rs-315.png,png,true,false,true,200,image/png,2163293,235,1085,1450,"public, max-age=3600",false,false,false,true,true,false,
bde4d667-98cf-47f3-b924-820cc6285346,couple-rakhi-ad,KB-RAK-012,Couple Rakhi AD,imageUrl,https://pwdbvmplcftqnrnyizkf.supabase.co/storage/v1/object/public/product-images/temp/main/1783172534910-couple-no-11-rs-315.png,pwdbvmplcftqnrnyizkf.supabase.co,/storage/v1/object/public/product-images/temp/main/1783172534910-couple-no-11-rs-315.png,png,true,false,true,200,image/png,2163293,235,1085,1450,"public, max-age=3600",false,false,false,true,true,false,
bde4d667-98cf-47f3-b924-820cc6285346,couple-rakhi-ad,KB-RAK-012,Couple Rakhi AD,image_url,https://pwdbvmplcftqnrnyizkf.supabase.co/storage/v1/object/public/product-images/temp/main/1783172534910-couple-no-11-rs-315.png,pwdbvmplcftqnrnyizkf.supabase.co,/storage/v1/object/public/product-images/temp/main/1783172534910-couple-no-11-rs-315.png,png,true,false,true,200,image/png,2163293,235,1085,1450,"public, max-age=3600",false,false,false,true,true,false,
0fb22b74-2cdb-45a7-ac85-b90e1d6e3098,kb-rak-012,KB-RAK-011,Couple Rakhi,image,https://pwdbvmplcftqnrnyizkf.supabase.co/storage/v1/object/public/product-images/temp/main/1783171203103-couple-no-10-pc-275.png,pwdbvmplcftqnrnyizkf.supabase.co,/storage/v1/object/public/product-images/temp/main/1783171203103-couple-no-10-pc-275.png,png,true,false,true,200,image/png,2298690,246,1086,1448,"public, max-age=3600",false,false,false,true,true,false,
0fb22b74-2cdb-45a7-ac85-b90e1d6e3098,kb-rak-012,KB-RAK-011,Couple Rakhi,imageUrl,https://pwdbvmplcftqnrnyizkf.supabase.co/storage/v1/object/public/product-images/temp/main/1783171203103-couple-no-10-pc-275.png,pwdbvmplcftqnrnyizkf.supabase.co,/storage/v1/object/public/product-images/temp/main/1783171203103-couple-no-10-pc-275.png,png,true,false,true,200,image/png,2298690,246,1086,1448,"public, max-age=3600",false,false,false,true,true,false,
0fb22b74-2cdb-45a7-ac85-b90e1d6e3098,kb-rak-012,KB-RAK-011,Couple Rakhi,image_url,https://pwdbvmplcftqnrnyizkf.supabase.co/storage/v1/object/public/product-images/temp/main/1783171203103-couple-no-10-pc-275.png,pwdbvmplcftqnrnyizkf.supabase.co,/storage/v1/object/public/product-images/temp/main/1783171203103-couple-no-10-pc-275.png,png,true,false,true,200,image/png,2298690,246,1086,1448,"public, max-age=3600",false,false,false,true,true,false,
673622ac-b4c0-4d91-b7b1-2c73d3239a63,kb-rak-010,KB-RAK-010,Couple Rakhi,image,https://pwdbvmplcftqnrnyizkf.supabase.co/storage/v1/object/public/product-images/temp/main/1783170863485-couple-no-9-pc-315.png,pwdbvmplcftqnrnyizkf.supabase.co,/storage/v1/object/public/product-images/temp/main/1783170863485-couple-no-9-pc-315.png,png,true,false,true,200,image/png,2523239,227,1086,1448,"public, max-age=3600",false,false,false,true,true,false,
673622ac-b4c0-4d91-b7b1-2c73d3239a63,kb-rak-010,KB-RAK-010,Couple Rakhi,imageUrl,https://pwdbvmplcftqnrnyizkf.supabase.co/storage/v1/object/public/product-images/temp/main/1783170863485-couple-no-9-pc-315.png,pwdbvmplcftqnrnyizkf.supabase.co,/storage/v1/object/public/product-images/temp/main/1783170863485-couple-no-9-pc-315.png,png,true,false,true,200,image/png,2523239,227,1086,1448,"public, max-age=3600",false,false,false,true,true,false,
673622ac-b4c0-4d91-b7b1-2c73d3239a63,kb-rak-010,KB-RAK-010,Couple Rakhi,image_url,https://pwdbvmplcftqnrnyizkf.supabase.co/storage/v1/object/public/product-images/temp/main/1783170863485-couple-no-9-pc-315.png,pwdbvmplcftqnrnyizkf.supabase.co,/storage/v1/object/public/product-images/temp/main/1783170863485-couple-no-9-pc-315.png,png,true,false,true,200,image/png,2523239,227,1086,1448,"public, max-age=3600",false,false,false,true,true,false,
f5260f10-fab4-40bc-8849-3331c50075c7,couple-rakhi,KB-RAK-009,Couple Rakhi,image,https://pwdbvmplcftqnrnyizkf.supabase.co/storage/v1/object/public/product-images/temp/main/1783170576325-coup-no-8-pc-315.png,pwdbvmplcftqnrnyizkf.supabase.co,/storage/v1/object/public/product-images/temp/main/1783170576325-coup-no-8-pc-315.png,png,true,false,true,200,image/png,2905200,215,1086,1448,"public, max-age=3600",false,false,false,true,true,false,
f5260f10-fab4-40bc-8849-3331c50075c7,couple-rakhi,KB-RAK-009,Couple Rakhi,imageUrl,https://pwdbvmplcftqnrnyizkf.supabase.co/storage/v1/object/public/product-images/temp/main/1783170576325-coup-no-8-pc-315.png,pwdbvmplcftqnrnyizkf.supabase.co,/storage/v1/object/public/product-images/temp/main/1783170576325-coup-no-8-pc-315.png,png,true,false,true,200,image/png,2905200,215,1086,1448,"public, max-age=3600",false,false,false,true,true,false,
f5260f10-fab4-40bc-8849-3331c50075c7,couple-rakhi,KB-RAK-009,Couple Rakhi,image_url,https://pwdbvmplcftqnrnyizkf.supabase.co/storage/v1/object/public/product-images/temp/main/1783170576325-coup-no-8-pc-315.png,pwdbvmplcftqnrnyizkf.supabase.co,/storage/v1/object/public/product-images/temp/main/1783170576325-coup-no-8-pc-315.png,png,true,false,true,200,image/png,2905200,215,1086,1448,"public, max-age=3600",false,false,false,true,true,false,
affa36c3-bce1-4a46-ad34-335d8b348521,kb-rak-008,KB-RAK-008,Spinner Rakhi Flower,image,https://pwdbvmplcftqnrnyizkf.supabase.co/storage/v1/object/public/product-images/temp/main/1783169677050-spinner-no-7-ps-355.png,pwdbvmplcftqnrnyizkf.supabase.co,/storage/v1/object/public/product-images/temp/main/1783169677050-spinner-no-7-ps-355.png,png,true,false,true,200,image/png,2626825,277,1086,1448,"public, max-age=3600",false,false,false,true,true,false,
affa36c3-bce1-4a46-ad34-335d8b348521,kb-rak-008,KB-RAK-008,Spinner Rakhi Flower,imageUrl,https://pwdbvmplcftqnrnyizkf.supabase.co/storage/v1/object/public/product-images/temp/main/1783169677050-spinner-no-7-ps-355.png,pwdbvmplcftqnrnyizkf.supabase.co,/storage/v1/object/public/product-images/temp/main/1783169677050-spinner-no-7-ps-355.png,png,true,false,true,200,image/png,2626825,277,1086,1448,"public, max-age=3600",false,false,false,true,true,false,
affa36c3-bce1-4a46-ad34-335d8b348521,kb-rak-008,KB-RAK-008,Spinner Rakhi Flower,image_url,https://pwdbvmplcftqnrnyizkf.supabase.co/storage/v1/object/public/product-images/temp/main/1783169677050-spinner-no-7-ps-355.png,pwdbvmplcftqnrnyizkf.supabase.co,/storage/v1/object/public/product-images/temp/main/1783169677050-spinner-no-7-ps-355.png,png,true,false,true,200,image/png,2626825,277,1086,1448,"public, max-age=3600",false,false,false,true,true,false,
6fa200e3-4510-4b22-a199-d25d2f9c246a,kb-rak-007,KB-RAK-007,Spinner Rakhi,image,https://pwdbvmplcftqnrnyizkf.supabase.co/storage/v1/object/public/product-images/temp/main/1783168670416-spinner-no-6-ps-355.png,pwdbvmplcftqnrnyizkf.supabase.co,/storage/v1/object/public/product-images/temp/main/1783168670416-spinner-no-6-ps-355.png,png,true,false,true,200,image/png,2467463,232,1086,1448,"public, max-age=3600",false,false,false,true,true,false,
6fa200e3-4510-4b22-a199-d25d2f9c246a,kb-rak-007,KB-RAK-007,Spinner Rakhi,imageUrl,https://pwdbvmplcftqnrnyizkf.supabase.co/storage/v1/object/public/product-images/temp/main/1783168670416-spinner-no-6-ps-355.png,pwdbvmplcftqnrnyizkf.supabase.co,/storage/v1/object/public/product-images/temp/main/1783168670416-spinner-no-6-ps-355.png,png,true,false,true,200,image/png,2467463,232,1086,1448,"public, max-age=3600",false,false,false,true,true,false,
6fa200e3-4510-4b22-a199-d25d2f9c246a,kb-rak-007,KB-RAK-007,Spinner Rakhi,image_url,https://pwdbvmplcftqnrnyizkf.supabase.co/storage/v1/object/public/product-images/temp/main/1783168670416-spinner-no-6-ps-355.png,pwdbvmplcftqnrnyizkf.supabase.co,/storage/v1/object/public/product-images/temp/main/1783168670416-spinner-no-6-ps-355.png,png,true,false,true,200,image/png,2467463,232,1086,1448,"public, max-age=3600",false,false,false,true,true,false,
d9b471fc-1f5f-461e-9e55-c6679c121740,spinner-rakhi,KB-RAK-006,Spinner Rakhi,image,https://pwdbvmplcftqnrnyizkf.supabase.co/storage/v1/object/public/product-images/temp/main/1783168357690-spinner-no-5-pc-355.png,pwdbvmplcftqnrnyizkf.supabase.co,/storage/v1/object/public/product-images/temp/main/1783168357690-spinner-no-5-pc-355.png,png,true,false,true,200,image/png,2427967,261,1086,1448,"public, max-age=3600",false,false,false,true,true,false,
d9b471fc-1f5f-461e-9e55-c6679c121740,spinner-rakhi,KB-RAK-006,Spinner Rakhi,imageUrl,https://pwdbvmplcftqnrnyizkf.supabase.co/storage/v1/object/public/product-images/temp/main/1783168357690-spinner-no-5-pc-355.png,pwdbvmplcftqnrnyizkf.supabase.co,/storage/v1/object/public/product-images/temp/main/1783168357690-spinner-no-5-pc-355.png,png,true,false,true,200,image/png,2427967,261,1086,1448,"public, max-age=3600",false,false,false,true,true,false,
d9b471fc-1f5f-461e-9e55-c6679c121740,spinner-rakhi,KB-RAK-006,Spinner Rakhi,image_url,https://pwdbvmplcftqnrnyizkf.supabase.co/storage/v1/object/public/product-images/temp/main/1783168357690-spinner-no-5-pc-355.png,pwdbvmplcftqnrnyizkf.supabase.co,/storage/v1/object/public/product-images/temp/main/1783168357690-spinner-no-5-pc-355.png,png,true,false,true,200,image/png,2427967,261,1086,1448,"public, max-age=3600",false,false,false,true,true,false,
ca69a11c-0bb0-4ba6-8a42-b9cf1133dea9,spiner,KB-RAK-005,Spinner Rakhi,image,https://pwdbvmplcftqnrnyizkf.supabase.co/storage/v1/object/public/product-images/temp/main/1783167351228-spinner-no-3-ps355.png,pwdbvmplcftqnrnyizkf.supabase.co,/storage/v1/object/public/product-images/temp/main/1783167351228-spinner-no-3-ps355.png,png,true,false,true,200,image/png,2530140,244,1086,1448,"public, max-age=3600",false,false,false,true,true,false,
ca69a11c-0bb0-4ba6-8a42-b9cf1133dea9,spiner,KB-RAK-005,Spinner Rakhi,imageUrl,https://pwdbvmplcftqnrnyizkf.supabase.co/storage/v1/object/public/product-images/temp/main/1783167351228-spinner-no-3-ps355.png,pwdbvmplcftqnrnyizkf.supabase.co,/storage/v1/object/public/product-images/temp/main/1783167351228-spinner-no-3-ps355.png,png,true,false,true,200,image/png,2530140,244,1086,1448,"public, max-age=3600",false,false,false,true,true,false,
ca69a11c-0bb0-4ba6-8a42-b9cf1133dea9,spiner,KB-RAK-005,Spinner Rakhi,image_url,https://pwdbvmplcftqnrnyizkf.supabase.co/storage/v1/object/public/product-images/temp/main/1783167351228-spinner-no-3-ps355.png,pwdbvmplcftqnrnyizkf.supabase.co,/storage/v1/object/public/product-images/temp/main/1783167351228-spinner-no-3-ps355.png,png,true,false,true,200,image/png,2530140,244,1086,1448,"public, max-age=3600",false,false,false,true,true,false,
8e0aa3fe-d005-47d0-8ec0-050f17f1412c,sipper-rakhi,KB-RAK-004,Spinner Rakhi,image,https://pwdbvmplcftqnrnyizkf.supabase.co/storage/v1/object/public/product-images/temp/main/1783166545417-spinner-no-2-ps-330.png,pwdbvmplcftqnrnyizkf.supabase.co,/storage/v1/object/public/product-images/temp/main/1783166545417-spinner-no-2-ps-330.png,png,true,false,true,200,image/png,2101258,270,1086,1448,"public, max-age=3600",false,false,false,true,true,false,
8e0aa3fe-d005-47d0-8ec0-050f17f1412c,sipper-rakhi,KB-RAK-004,Spinner Rakhi,imageUrl,https://pwdbvmplcftqnrnyizkf.supabase.co/storage/v1/object/public/product-images/temp/main/1783166545417-spinner-no-2-ps-330.png,pwdbvmplcftqnrnyizkf.supabase.co,/storage/v1/object/public/product-images/temp/main/1783166545417-spinner-no-2-ps-330.png,png,true,false,true,200,image/png,2101258,270,1086,1448,"public, max-age=3600",false,false,false,true,true,false,
8e0aa3fe-d005-47d0-8ec0-050f17f1412c,sipper-rakhi,KB-RAK-004,Spinner Rakhi,image_url,https://pwdbvmplcftqnrnyizkf.supabase.co/storage/v1/object/public/product-images/temp/main/1783166545417-spinner-no-2-ps-330.png,pwdbvmplcftqnrnyizkf.supabase.co,/storage/v1/object/public/product-images/temp/main/1783166545417-spinner-no-2-ps-330.png,png,true,false,true,200,image/png,2101258,270,1086,1448,"public, max-age=3600",false,false,false,true,true,false,
b35572d8-9e1e-4540-b762-834205deae13,rakhi-spinner,KB-RAK-003,Rakhi Spinner,image,https://pwdbvmplcftqnrnyizkf.supabase.co/storage/v1/object/public/product-images/temp/main/1783165023319-spinner-no-1-ps-330.png,pwdbvmplcftqnrnyizkf.supabase.co,/storage/v1/object/public/product-images/temp/main/1783165023319-spinner-no-1-ps-330.png,png,true,false,true,200,image/png,2295357,247,1086,1448,"public, max-age=3600",false,false,false,true,true,false,
b35572d8-9e1e-4540-b762-834205deae13,rakhi-spinner,KB-RAK-003,Rakhi Spinner,imageUrl,https://pwdbvmplcftqnrnyizkf.supabase.co/storage/v1/object/public/product-images/temp/main/1783165023319-spinner-no-1-ps-330.png,pwdbvmplcftqnrnyizkf.supabase.co,/storage/v1/object/public/product-images/temp/main/1783165023319-spinner-no-1-ps-330.png,png,true,false,true,200,image/png,2295357,247,1086,1448,"public, max-age=3600",false,false,false,true,true,false,
b35572d8-9e1e-4540-b762-834205deae13,rakhi-spinner,KB-RAK-003,Rakhi Spinner,image_url,https://pwdbvmplcftqnrnyizkf.supabase.co/storage/v1/object/public/product-images/temp/main/1783165023319-spinner-no-1-ps-330.png,pwdbvmplcftqnrnyizkf.supabase.co,/storage/v1/object/public/product-images/temp/main/1783165023319-spinner-no-1-ps-330.png,png,true,false,true,200,image/png,2295357,247,1086,1448,"public, max-age=3600",false,false,false,true,true,false,
2b14d897-c665-45b8-9e7b-ff2205fd67db,beauty-brush-set,KB-CO-0904,Beauty Brush Set,image,https://images.unsplash.com/photo-1522335789203-aabd1fc54bc9?auto=format&fit=crop&w=1000&q=80,images.unsplash.com,/photo-1522335789203-aabd1fc54bc9,,false,false,true,200,image/jpeg,78525,73,1000,654,"public, max-age=31536000",false,false,false,false,false,false,
2b14d897-c665-45b8-9e7b-ff2205fd67db,beauty-brush-set,KB-CO-0904,Beauty Brush Set,imageUrl,https://images.unsplash.com/photo-1522335789203-aabd1fc54bc9?auto=format&fit=crop&w=1000&q=80,images.unsplash.com,/photo-1522335789203-aabd1fc54bc9,,false,false,true,200,image/jpeg,78525,73,1000,654,"public, max-age=31536000",false,false,false,false,false,false,
2b14d897-c665-45b8-9e7b-ff2205fd67db,beauty-brush-set,KB-CO-0904,Beauty Brush Set,product_images[0].image_url,https://images.unsplash.com/photo-1522335789203-aabd1fc54bc9?auto=format&fit=crop&w=1000&q=80,images.unsplash.com,/photo-1522335789203-aabd1fc54bc9,,false,false,true,200,image/jpeg,78525,73,1000,654,"public, max-age=31536000",false,false,false,false,false,false,
e586498c-57d0-46e5-9808-8cf8fbe604fd,gold-mesh-watch,KB-WA-0501,Gold Mesh Watch,image,https://images.unsplash.com/photo-1526045431048-f857369baa09?auto=format&fit=crop&w=1000&q=80,images.unsplash.com,/photo-1526045431048-f857369baa09,,false,false,true,200,image/jpeg,80261,10,1000,667,"public, max-age=31536000",false,false,false,false,false,false,
e586498c-57d0-46e5-9808-8cf8fbe604fd,gold-mesh-watch,KB-WA-0501,Gold Mesh Watch,imageUrl,https://images.unsplash.com/photo-1526045431048-f857369baa09?auto=format&fit=crop&w=1000&q=80,images.unsplash.com,/photo-1526045431048-f857369baa09,,false,false,true,200,image/jpeg,80261,10,1000,667,"public, max-age=31536000",false,false,false,false,false,false,
e586498c-57d0-46e5-9808-8cf8fbe604fd,gold-mesh-watch,KB-WA-0501,Gold Mesh Watch,product_images[0].image_url,https://images.unsplash.com/photo-1526045431048-f857369baa09?auto=format&fit=crop&w=1000&q=80,images.unsplash.com,/photo-1526045431048-f857369baa09,,false,false,true,200,image/jpeg,80261,10,1000,667,"public, max-age=31536000",false,false,false,false,false,false,
538edc38-df31-4bb6-b74e-cef36e442f26,couple-watch-gift-set,KB-WA-0505,Couple Watch Gift Set,image,https://images.unsplash.com/photo-1526045431048-f857369baa09?auto=format&fit=crop&w=1000&q=80,images.unsplash.com,/photo-1526045431048-f857369baa09,,false,false,true,200,image/jpeg,80261,10,1000,667,"public, max-age=31536000",false,false,false,false,false,false,
538edc38-df31-4bb6-b74e-cef36e442f26,couple-watch-gift-set,KB-WA-0505,Couple Watch Gift Set,imageUrl,https://images.unsplash.com/photo-1526045431048-f857369baa09?auto=format&fit=crop&w=1000&q=80,images.unsplash.com,/photo-1526045431048-f857369baa09,,false,false,true,200,image/jpeg,80261,10,1000,667,"public, max-age=31536000",false,false,false,false,false,false,
538edc38-df31-4bb6-b74e-cef36e442f26,couple-watch-gift-set,KB-WA-0505,Couple Watch Gift Set,product_images[0].image_url,https://images.unsplash.com/photo-1526045431048-f857369baa09?auto=format&fit=crop&w=1000&q=80,images.unsplash.com,/photo-1526045431048-f857369baa09,,false,false,true,200,image/jpeg,80261,10,1000,667,"public, max-age=31536000",false,false,false,false,false,false,
ccf747b1-c748-425a-8a7c-3654db9167a1,crystal-dial-watch,KB-WA-0504,Crystal Dial Watch,image,https://images.unsplash.com/photo-1526045431048-f857369baa09?auto=format&fit=crop&w=1000&q=80,images.unsplash.com,/photo-1526045431048-f857369baa09,,false,false,true,200,image/jpeg,80261,10,1000,667,"public, max-age=31536000",false,false,false,false,false,false,
ccf747b1-c748-425a-8a7c-3654db9167a1,crystal-dial-watch,KB-WA-0504,Crystal Dial Watch,imageUrl,https://images.unsplash.com/photo-1526045431048-f857369baa09?auto=format&fit=crop&w=1000&q=80,images.unsplash.com,/photo-1526045431048-f857369baa09,,false,false,true,200,image/jpeg,80261,10,1000,667,"public, max-age=31536000",false,false,false,false,false,false,
ccf747b1-c748-425a-8a7c-3654db9167a1,crystal-dial-watch,KB-WA-0504,Crystal Dial Watch,product_images[0].image_url,https://images.unsplash.com/photo-1526045431048-f857369baa09?auto=format&fit=crop&w=1000&q=80,images.unsplash.com,/photo-1526045431048-f857369baa09,,false,false,true,200,image/jpeg,80261,10,1000,667,"public, max-age=31536000",false,false,false,false,false,false,
64e50bce-11ad-4eab-b3f1-6e7c187d07ac,rose-classic-watch,KB-WT-RS-111,Rose Classic Watch,image,https://images.unsplash.com/photo-1526045431048-f857369baa09?auto=format&fit=crop&w=1000&q=80,images.unsplash.com,/photo-1526045431048-f857369baa09,,false,false,true,200,image/jpeg,80261,10,1000,667,"public, max-age=31536000",false,false,false,false,false,false,
64e50bce-11ad-4eab-b3f1-6e7c187d07ac,rose-classic-watch,KB-WT-RS-111,Rose Classic Watch,imageUrl,https://images.unsplash.com/photo-1526045431048-f857369baa09?auto=format&fit=crop&w=1000&q=80,images.unsplash.com,/photo-1526045431048-f857369baa09,,false,false,true,200,image/jpeg,80261,10,1000,667,"public, max-age=31536000",false,false,false,false,false,false,
64e50bce-11ad-4eab-b3f1-6e7c187d07ac,rose-classic-watch,KB-WT-RS-111,Rose Classic Watch,product_images[0].image_url,https://images.unsplash.com/photo-1526045431048-f857369baa09?auto=format&fit=crop&w=1000&q=80,images.unsplash.com,/photo-1526045431048-f857369baa09,,false,false,true,200,image/jpeg,80261,10,1000,667,"public, max-age=31536000",false,false,false,false,false,false,
2a24468e-df2c-4bf2-a900-30942ca8100f,classic-leather-watch,KB-WA-0503,Classic Leather Watch,image,https://images.unsplash.com/photo-1526045431048-f857369baa09?auto=format&fit=crop&w=1000&q=80,images.unsplash.com,/photo-1526045431048-f857369baa09,,false,false,true,200,image/jpeg,80261,10,1000,667,"public, max-age=31536000",false,false,false,false,false,false,
2a24468e-df2c-4bf2-a900-30942ca8100f,classic-leather-watch,KB-WA-0503,Classic Leather Watch,imageUrl,https://images.unsplash.com/photo-1526045431048-f857369baa09?auto=format&fit=crop&w=1000&q=80,images.unsplash.com,/photo-1526045431048-f857369baa09,,false,false,true,200,image/jpeg,80261,10,1000,667,"public, max-age=31536000",false,false,false,false,false,false,
2a24468e-df2c-4bf2-a900-30942ca8100f,classic-leather-watch,KB-WA-0503,Classic Leather Watch,product_images[0].image_url,https://images.unsplash.com/photo-1526045431048-f857369baa09?auto=format&fit=crop&w=1000&q=80,images.unsplash.com,/photo-1526045431048-f857369baa09,,false,false,true,200,image/jpeg,80261,10,1000,667,"public, max-age=31536000",false,false,false,false,false,false,
58f86ff1-8c72-423b-bd94-2d4a23e197bc,minimal-rose-watch,KB-WA-0502,Minimal Rose Watch,image,https://images.unsplash.com/photo-1526045431048-f857369baa09?auto=format&fit=crop&w=1000&q=80,images.unsplash.com,/photo-1526045431048-f857369baa09,,false,false,true,200,image/jpeg,80261,10,1000,667,"public, max-age=31536000",false,false,false,false,false,false,
58f86ff1-8c72-423b-bd94-2d4a23e197bc,minimal-rose-watch,KB-WA-0502,Minimal Rose Watch,imageUrl,https://images.unsplash.com/photo-1526045431048-f857369baa09?auto=format&fit=crop&w=1000&q=80,images.unsplash.com,/photo-1526045431048-f857369baa09,,false,false,true,200,image/jpeg,80261,10,1000,667,"public, max-age=31536000",false,false,false,false,false,false,
58f86ff1-8c72-423b-bd94-2d4a23e197bc,minimal-rose-watch,KB-WA-0502,Minimal Rose Watch,product_images[0].image_url,https://images.unsplash.com/photo-1526045431048-f857369baa09?auto=format&fit=crop&w=1000&q=80,images.unsplash.com,/photo-1526045431048-f857369baa09,,false,false,true,200,image/jpeg,80261,10,1000,667,"public, max-age=31536000",false,false,false,false,false,false,
7ce87802-7425-4ba7-8380-f9168ce54425,festive-ladies-wear-dupatta,KB-LW-FD-115,Festive Ladies' Wear Dupatta,image,https://images.unsplash.com/photo-1483985988355-763728e1935b?auto=format&fit=crop&w=1000&q=80,images.unsplash.com,/photo-1483985988355-763728e1935b,,false,false,true,200,image/jpeg,73973,10,1000,667,"public, max-age=31536000",false,false,false,false,false,false,
7ce87802-7425-4ba7-8380-f9168ce54425,festive-ladies-wear-dupatta,KB-LW-FD-115,Festive Ladies' Wear Dupatta,imageUrl,https://images.unsplash.com/photo-1483985988355-763728e1935b?auto=format&fit=crop&w=1000&q=80,images.unsplash.com,/photo-1483985988355-763728e1935b,,false,false,true,200,image/jpeg,73973,10,1000,667,"public, max-age=31536000",false,false,false,false,false,false,
7ce87802-7425-4ba7-8380-f9168ce54425,festive-ladies-wear-dupatta,KB-LW-FD-115,Festive Ladies' Wear Dupatta,product_images[0].image_url,https://images.unsplash.com/photo-1483985988355-763728e1935b?auto=format&fit=crop&w=1000&q=80,images.unsplash.com,/photo-1483985988355-763728e1935b,,false,false,true,200,image/jpeg,73973,10,1000,667,"public, max-age=31536000",false,false,false,false,false,false,
20a01931-4757-49a5-9891-24d7bbcd8ed8,occasion-wear-tunic,KB-LA-1005,Occasion Wear Tunic,image,https://images.unsplash.com/photo-1483985988355-763728e1935b?auto=format&fit=crop&w=1000&q=80,images.unsplash.com,/photo-1483985988355-763728e1935b,,false,false,true,200,image/jpeg,73973,10,1000,667,"public, max-age=31536000",false,false,false,false,false,false,
20a01931-4757-49a5-9891-24d7bbcd8ed8,occasion-wear-tunic,KB-LA-1005,Occasion Wear Tunic,imageUrl,https://images.unsplash.com/photo-1483985988355-763728e1935b?auto=format&fit=crop&w=1000&q=80,images.unsplash.com,/photo-1483985988355-763728e1935b,,false,false,true,200,image/jpeg,73973,10,1000,667,"public, max-age=31536000",false,false,false,false,false,false,
20a01931-4757-49a5-9891-24d7bbcd8ed8,occasion-wear-tunic,KB-LA-1005,Occasion Wear Tunic,product_images[0].image_url,https://images.unsplash.com/photo-1483985988355-763728e1935b?auto=format&fit=crop&w=1000&q=80,images.unsplash.com,/photo-1483985988355-763728e1935b,,false,false,true,200,image/jpeg,73973,10,1000,667,"public, max-age=31536000",false,false,false,false,false,false,
45dd06bd-d9b0-4bd1-b518-5f75c7b4fceb,everyday-glow-cosmetics-kit,KB-CS-GL-114,Everyday Glow Cosmetics Kit,image,https://images.unsplash.com/photo-1522335789203-aabd1fc54bc9?auto=format&fit=crop&w=1000&q=80,images.unsplash.com,/photo-1522335789203-aabd1fc54bc9,,false,false,true,200,image/jpeg,78525,73,1000,654,"public, max-age=31536000",false,false,false,false,false,false,
45dd06bd-d9b0-4bd1-b518-5f75c7b4fceb,everyday-glow-cosmetics-kit,KB-CS-GL-114,Everyday Glow Cosmetics Kit,imageUrl,https://images.unsplash.com/photo-1522335789203-aabd1fc54bc9?auto=format&fit=crop&w=1000&q=80,images.unsplash.com,/photo-1522335789203-aabd1fc54bc9,,false,false,true,200,image/jpeg,78525,73,1000,654,"public, max-age=31536000",false,false,false,false,false,false,
45dd06bd-d9b0-4bd1-b518-5f75c7b4fceb,everyday-glow-cosmetics-kit,KB-CS-GL-114,Everyday Glow Cosmetics Kit,product_images[0].image_url,https://images.unsplash.com/photo-1522335789203-aabd1fc54bc9?auto=format&fit=crop&w=1000&q=80,images.unsplash.com,/photo-1522335789203-aabd1fc54bc9,,false,false,true,200,image/jpeg,78525,73,1000,654,"public, max-age=31536000",false,false,false,false,false,false,
ad77346b-663e-471f-b127-6ecce89ba5f4,elegant-stole-wrap,KB-LA-1004,Elegant Stole Wrap,image,https://images.unsplash.com/photo-1483985988355-763728e1935b?auto=format&fit=crop&w=1000&q=80,images.unsplash.com,/photo-1483985988355-763728e1935b,,false,false,true,200,image/jpeg,73973,10,1000,667,"public, max-age=31536000",false,false,false,false,false,false,
ad77346b-663e-471f-b127-6ecce89ba5f4,elegant-stole-wrap,KB-LA-1004,Elegant Stole Wrap,imageUrl,https://images.unsplash.com/photo-1483985988355-763728e1935b?auto=format&fit=crop&w=1000&q=80,images.unsplash.com,/photo-1483985988355-763728e1935b,,false,false,true,200,image/jpeg,73973,10,1000,667,"public, max-age=31536000",false,false,false,false,false,false,
ad77346b-663e-471f-b127-6ecce89ba5f4,elegant-stole-wrap,KB-LA-1004,Elegant Stole Wrap,product_images[0].image_url,https://images.unsplash.com/photo-1483985988355-763728e1935b?auto=format&fit=crop&w=1000&q=80,images.unsplash.com,/photo-1483985988355-763728e1935b,,false,false,true,200,image/jpeg,73973,10,1000,667,"public, max-age=31536000",false,false,false,false,false,false,
c382aea7-6853-471f-868c-98fa9fa24a0f,boutique-scarf-set,KB-LA-1003,Boutique Scarf Set,image,https://images.unsplash.com/photo-1483985988355-763728e1935b?auto=format&fit=crop&w=1000&q=80,images.unsplash.com,/photo-1483985988355-763728e1935b,,false,false,true,200,image/jpeg,73973,10,1000,667,"public, max-age=31536000",false,false,false,false,false,false,
c382aea7-6853-471f-868c-98fa9fa24a0f,boutique-scarf-set,KB-LA-1003,Boutique Scarf Set,imageUrl,https://images.unsplash.com/photo-1483985988355-763728e1935b?auto=format&fit=crop&w=1000&q=80,images.unsplash.com,/photo-1483985988355-763728e1935b,,false,false,true,200,image/jpeg,73973,10,1000,667,"public, max-age=31536000",false,false,false,false,false,false,
c382aea7-6853-471f-868c-98fa9fa24a0f,boutique-scarf-set,KB-LA-1003,Boutique Scarf Set,product_images[0].image_url,https://images.unsplash.com/photo-1483985988355-763728e1935b?auto=format&fit=crop&w=1000&q=80,images.unsplash.com,/photo-1483985988355-763728e1935b,,false,false,true,200,image/jpeg,73973,10,1000,667,"public, max-age=31536000",false,false,false,false,false,false,
ee2fb522-1eb7-44e9-b5a8-48717ed97f22,soft-glam-makeup-kit,KB-CO-0901,Soft Glam Makeup Kit,image,https://images.unsplash.com/photo-1522335789203-aabd1fc54bc9?auto=format&fit=crop&w=1000&q=80,images.unsplash.com,/photo-1522335789203-aabd1fc54bc9,,false,false,true,200,image/jpeg,78525,73,1000,654,"public, max-age=31536000",false,false,false,false,false,false,
ee2fb522-1eb7-44e9-b5a8-48717ed97f22,soft-glam-makeup-kit,KB-CO-0901,Soft Glam Makeup Kit,imageUrl,https://images.unsplash.com/photo-1522335789203-aabd1fc54bc9?auto=format&fit=crop&w=1000&q=80,images.unsplash.com,/photo-1522335789203-aabd1fc54bc9,,false,false,true,200,image/jpeg,78525,73,1000,654,"public, max-age=31536000",false,false,false,false,false,false,
ee2fb522-1eb7-44e9-b5a8-48717ed97f22,soft-glam-makeup-kit,KB-CO-0901,Soft Glam Makeup Kit,product_images[0].image_url,https://images.unsplash.com/photo-1522335789203-aabd1fc54bc9?auto=format&fit=crop&w=1000&q=80,images.unsplash.com,/photo-1522335789203-aabd1fc54bc9,,false,false,true,200,image/jpeg,78525,73,1000,654,"public, max-age=31536000",false,false,false,false,false,false,
50eb376f-6754-4644-84ee-73c7457cd911,matte-lip-color-set,KB-CO-0902,Matte Lip Color Set,image,https://images.unsplash.com/photo-1522335789203-aabd1fc54bc9?auto=format&fit=crop&w=1000&q=80,images.unsplash.com,/photo-1522335789203-aabd1fc54bc9,,false,false,true,200,image/jpeg,78525,73,1000,654,"public, max-age=31536000",false,false,false,false,false,false,
50eb376f-6754-4644-84ee-73c7457cd911,matte-lip-color-set,KB-CO-0902,Matte Lip Color Set,imageUrl,https://images.unsplash.com/photo-1522335789203-aabd1fc54bc9?auto=format&fit=crop&w=1000&q=80,images.unsplash.com,/photo-1522335789203-aabd1fc54bc9,,false,false,true,200,image/jpeg,78525,73,1000,654,"public, max-age=31536000",false,false,false,false,false,false,
50eb376f-6754-4644-84ee-73c7457cd911,matte-lip-color-set,KB-CO-0902,Matte Lip Color Set,product_images[0].image_url,https://images.unsplash.com/photo-1522335789203-aabd1fc54bc9?auto=format&fit=crop&w=1000&q=80,images.unsplash.com,/photo-1522335789203-aabd1fc54bc9,,false,false,true,200,image/jpeg,78525,73,1000,654,"public, max-age=31536000",false,false,false,false,false,false,
9f197471-8fbb-4054-a6b9-cecdb62eae7c,glow-compact-powder,KB-CO-0903,Glow Compact Powder,image,https://images.unsplash.com/photo-1522335789203-aabd1fc54bc9?auto=format&fit=crop&w=1000&q=80,images.unsplash.com,/photo-1522335789203-aabd1fc54bc9,,false,false,true,200,image/jpeg,78525,73,1000,654,"public, max-age=31536000",false,false,false,false,false,false,
9f197471-8fbb-4054-a6b9-cecdb62eae7c,glow-compact-powder,KB-CO-0903,Glow Compact Powder,imageUrl,https://images.unsplash.com/photo-1522335789203-aabd1fc54bc9?auto=format&fit=crop&w=1000&q=80,images.unsplash.com,/photo-1522335789203-aabd1fc54bc9,,false,false,true,200,image/jpeg,78525,73,1000,654,"public, max-age=31536000",false,false,false,false,false,false,
9f197471-8fbb-4054-a6b9-cecdb62eae7c,glow-compact-powder,KB-CO-0903,Glow Compact Powder,product_images[0].image_url,https://images.unsplash.com/photo-1522335789203-aabd1fc54bc9?auto=format&fit=crop&w=1000&q=80,images.unsplash.com,/photo-1522335789203-aabd1fc54bc9,,false,false,true,200,image/jpeg,78525,73,1000,654,"public, max-age=31536000",false,false,false,false,false,false,
3645f3e0-2814-4c2c-abc5-d1d3691cefd1,embroidered-dupatta,KB-LA-1002,Embroidered Dupatta,image,https://images.unsplash.com/photo-1483985988355-763728e1935b?auto=format&fit=crop&w=1000&q=80,images.unsplash.com,/photo-1483985988355-763728e1935b,,false,false,true,200,image/jpeg,73973,10,1000,667,"public, max-age=31536000",false,false,false,false,false,false,
3645f3e0-2814-4c2c-abc5-d1d3691cefd1,embroidered-dupatta,KB-LA-1002,Embroidered Dupatta,imageUrl,https://images.unsplash.com/photo-1483985988355-763728e1935b?auto=format&fit=crop&w=1000&q=80,images.unsplash.com,/photo-1483985988355-763728e1935b,,false,false,true,200,image/jpeg,73973,10,1000,667,"public, max-age=31536000",false,false,false,false,false,false,
3645f3e0-2814-4c2c-abc5-d1d3691cefd1,embroidered-dupatta,KB-LA-1002,Embroidered Dupatta,product_images[0].image_url,https://images.unsplash.com/photo-1483985988355-763728e1935b?auto=format&fit=crop&w=1000&q=80,images.unsplash.com,/photo-1483985988355-763728e1935b,,false,false,true,200,image/jpeg,73973,10,1000,667,"public, max-age=31536000",false,false,false,false,false,false,
5e047877-ba86-41d6-8bf8-e1093ad7ada1,printed-festive-kurti,KB-LA-1001,Printed Festive Kurti,image,https://images.unsplash.com/photo-1483985988355-763728e1935b?auto=format&fit=crop&w=1000&q=80,images.unsplash.com,/photo-1483985988355-763728e1935b,,false,false,true,200,image/jpeg,73973,10,1000,667,"public, max-age=31536000",false,false,false,false,false,false,
5e047877-ba86-41d6-8bf8-e1093ad7ada1,printed-festive-kurti,KB-LA-1001,Printed Festive Kurti,imageUrl,https://images.unsplash.com/photo-1483985988355-763728e1935b?auto=format&fit=crop&w=1000&q=80,images.unsplash.com,/photo-1483985988355-763728e1935b,,false,false,true,200,image/jpeg,73973,10,1000,667,"public, max-age=31536000",false,false,false,false,false,false,
5e047877-ba86-41d6-8bf8-e1093ad7ada1,printed-festive-kurti,KB-LA-1001,Printed Festive Kurti,product_images[0].image_url,https://images.unsplash.com/photo-1483985988355-763728e1935b?auto=format&fit=crop&w=1000&q=80,images.unsplash.com,/photo-1483985988355-763728e1935b,,false,false,true,200,image/jpeg,73973,10,1000,667,"public, max-age=31536000",false,false,false,false,false,false,
9e48bb23-6d30-4011-b9c5-fbfd0cfb98fa,festive-eye-palette,KB-CO-0905,Festive Eye Palette,image,https://images.unsplash.com/photo-1522335789203-aabd1fc54bc9?auto=format&fit=crop&w=1000&q=80,images.unsplash.com,/photo-1522335789203-aabd1fc54bc9,,false,false,true,200,image/jpeg,78525,73,1000,654,"public, max-age=31536000",false,false,false,false,false,false,
9e48bb23-6d30-4011-b9c5-fbfd0cfb98fa,festive-eye-palette,KB-CO-0905,Festive Eye Palette,imageUrl,https://images.unsplash.com/photo-1522335789203-aabd1fc54bc9?auto=format&fit=crop&w=1000&q=80,images.unsplash.com,/photo-1522335789203-aabd1fc54bc9,,false,false,true,200,image/jpeg,78525,73,1000,654,"public, max-age=31536000",false,false,false,false,false,false,
9e48bb23-6d30-4011-b9c5-fbfd0cfb98fa,festive-eye-palette,KB-CO-0905,Festive Eye Palette,product_images[0].image_url,https://images.unsplash.com/photo-1522335789203-aabd1fc54bc9?auto=format&fit=crop&w=1000&q=80,images.unsplash.com,/photo-1522335789203-aabd1fc54bc9,,false,false,true,200,image/jpeg,78525,73,1000,654,"public, max-age=31536000",false,false,false,false,false,false,
